"id"	"forme"	"label"
"abecedaireitalien"	"Abécédaire italien"	"forme préférée"
"abecedaires"	"Abécédaires"	"forme préférée"
"abeille"	"Abeille"	"forme préférée"
"abudgetofparadoxes"	"A budget of paradoxes"	"forme préférée"
"actes"	"Actes"	"forme alternative"
"actes"	"Actes du colloque Queneau de Limoges"	"forme préférée"
"actionfrancaise"	"Action française"	"forme alternative"
"actionfrancaise"	"L’Action française"	"forme préférée"
"actionpoetique"	"Action poétique"	"forme préférée"
"adieualavie"	"Adieu à la vie"	"forme préférée"
"adieusidonie"	"Adieu Sidonie"	"forme préférée"
"agamemnon"	"Agamemnon"	"forme préférée"
"agedelascience"	"Age de la science"	"forme alternative"
"agedelascience"	"Âge de la science"	"forme préférée"
"alarecherchedutempsperdu"	"A la Recherche du temps perdu"	"forme préférée"
"alarecherchedutempsperdu"	"Recherche"	"forme alternative"
"alchimie"	"Alchimie"	"forme préférée"
"alcools"	"Alcools"	"forme préférée"
"alcools"	"Alcools"	"forme alternative"
"alexandreaugreffoir"	"Alexandre au greffoir"	"forme préférée"
"alexandreaugreffoir"	"Alexandre au greffoir"	"forme alternative"
"aliceaupaysdesmerveilles"	"Alice au pays des merveilles"	"forme préférée"
"aliceetdelatraverseedumiroir"	"A travers le miroir"	"forme préférée"
"aliceetdelatraverseedumiroir"	"Alice et de la traversée du miroir"	"forme alternative"
"almanach"	"Almanach"	"forme préférée"
"almanachducrimedemichellebrun"	"Almanach du crime "	"forme préférée"
"almanachducrimedemichellebrun"	"Almanach du crime de Michel Lebrun"	"forme alternative"
"almanachvermot"	"Almanach vermont"	"forme alternative"
"almanachvermot"	"Almanach Vermot"	"forme préférée"
"almanachvermot"	"L’almanach vermot"	"forme alternative"
"alphabeticalafrica"	"Alphabetical Africa"	"forme préférée"
"alphabets"	"Alphabets"	"forme préférée"
"americanbookreview"	"American Book Review"	"forme préférée"
"amourdedonperlimplin"	"Amour de don Perlimplin"	"forme préférée"
"anagrammesdefdesaussure"	"Anagrammes de F. de Saussure"	"forme préférée"
"analysematricielledulangage"	"Analyse matricielle du langage"	"forme préférée"
"andromaque"	"Andromaque"	"forme préférée"
"angelique"	"Angélique"	"forme préférée"
"annalesdesartsetmanufactures"	"Annales des arts et manufactures"	"forme préférée"
"anniversaire"	"Anniversaire"	"forme préférée"
"anterimes"	"Antérimes"	"forme préférée"
"anthologie"	"Anthologie"	"forme alternative"
"anthologie"	"Anthologie des structures utilisables"	"forme préférée"
"anthologiedesrhetoriqueurs"	"Anthologie des rhétoriqueurs"	"forme préférée"
"apercegorgees"	"A perce-gorgées"	"forme préférée"
"aphorismeamoureux"	"Aphorisme amoureux..."	"forme préférée"
"aphorismes"	"Aphorismes"	"forme préférée"
"apologiedeladanse"	"Apologie de la danse"	"forme préférée"
"apostrophes"	"Apostrophes"	"forme préférée"
"aqueneau"	"À queneau"	"forme alternative"
"aqueneau"	"À queneau"	"forme alternative"
"araymondqueneau"	"A Queneau"	"forme alternative"
"araymondqueneau"	"À Raymond Queneau"	"forme préférée"
"arbreatheatre"	"Arbre"	"forme alternative"
"arbreatheatre"	"Arbre à théâtre"	"forme alternative"
"arbreatheatre"	"L’Arbre à théâtre"	"forme préférée"
"arguments"	"Arguments"	"forme préférée"
"arithmetique"	"Arithmétique"	"forme préférée"
"arsdellasanta"	"Ars della santa"	"forme préférée"
"artassisteparordinateur"	"Art assisté par ordinateur"	"forme préférée"
"artetordinateur"	"Art et ordinateur"	"forme préférée"
"article"	"Article"	"forme alternative"
"article"	"Article dans la NRF"	"forme préférée"
"articledunewyorktimes"	"Article du New York Times"	"forme préférée"
"articlesurloulipo"	"Article sur l’Oulipo"	"forme préférée"
"arts"	"Arts"	"forme préférée"
"associationdesecrivainsscientifiquesdefrance"	"Association des écrivains scientifiques de France"	"forme préférée"
"asynartete"	"Asynartète"	"forme préférée"
"atlas"	"Atlas"	"forme préférée"
"aubonheurdesmots"	"Au bonheur des mots"	"forme préférée"
"autoroute"	" autoroute "	"forme alternative"
"autoroute"	"Autoroute"	"forme préférée"
"avoixhauteavoixbasse"	"A voix haute, à voix basse"	"forme préférée"
"awalterratsasset"	"A walter rat’s asset"	"forme préférée"
"axiomatisationdelalitterature"	"Axiomatisation de la littérature"	"forme préférée"
"balladedejehanmolinet"	"Ballade"	"forme alternative"
"balladedejehanmolinet"	"Ballade de jehan molinet"	"forme alternative"
"banlieue"	"Banlieue"	"forme préférée"
"bardesetcordes"	"Bardes et cordes"	"forme préférée"
"bardesetcordes"	"Bardes et cordes"	"forme alternative"
"bateauivre"	"Bateau ivre"	"forme préférée"
"batonschiffresetlettres"	"Bâtons, chiffres et lettres"	"forme préférée"
"batonschiffresetlettres"	"Bâtons, chiffres et lettres"	"forme alternative"
"beaupresent"	"Beau-présent"	"forme préférée"
"beautifulheroin"	"Beautiful heroïn"	"forme préférée"
"belabsent"	"Bel absent"	"forme préférée"
"bellehortense"	"Belle hortense"	"forme alternative"
"bellehortense"	"La Belle Hortense"	"forme préférée"
"bellemarquise"	"Belle marquise"	"forme préférée"
"bellemartine"	"Belle Martine"	"forme préférée"
"beowulf"	"Beowulf"	"forme préférée"
"berenice"	"Bérénice"	"forme préférée"
"beteecarlate"	"Bête ecarlate"	"forme alternative"
"beteecarlate"	"Bête écarlate"	"forme préférée"
"bible"	"Bible"	"forme préférée"
"bibleoulipienne"	"Bible oulipienne"	"forme préférée"
"bibliotheque"	"Bibliothèque"	"forme préférée"
"bibliothequedephilosophiescientifique"	"Bibliothèque de philosophie scientifique"	"forme préférée"
"bibliothequeoulipienne"	"3e bibliothèque oulipienne"	"forme alternative"
"bibliothequeoulipienne"	"Bibliothèque oulipienne"	"forme préférée"
"bibliothequeoulipienne"	"Bibliothèque oulipienne théorique"	"forme alternative"
"bibliothequeoulipienne"	"Bibliothèque oulipo"	"forme alternative"
"bibliothequeoulipienne"	"Bibliothèques oulipiennes"	"forme alternative"
"bibliothequeoulipienne"	"Bo"	"forme alternative"
"bibliothequeoulipienne"	"Bo"	"forme alternative"
"bibliothequeoulipienne"	"La Bibliothèque oulipienne"	"forme alternative"
"bibliothequeoulipienne"	"Le volume bibliothèque oulipienne calvino"	"forme alternative"
"bibliothequeoulipienne"	"Numéro 2 de la bibliothèque oulipienne"	"forme alternative"
"bibliothequeoulipienneenitalien"	"Bibliothèque oulipienne en italien"	"forme préférée"
"bibliothequeoulipiennespecialqueneau"	"Bibliothèque oulipienne « spécial queneau »"	"forme alternative"
"bizarre"	"Bizarre"	"forme préférée"
"blablabla"	"Blablabla"	"forme préférée"
"bleus"	"Bleus"	"forme préférée"
"bobcaroltedalice"	"Bob & Carol & Ted & Alice"	"forme préférée"
"bobcaroltedalice"	"Bob carol ted alice"	"forme alternative"
"bobo"	"Bobo"	"forme préférée"
"boiteaidees"	"Boîte à idées"	"forme préférée"
"bonjourmadameeve"	"Bonjour madame Eve"	"forme préférée"
"bookofrime"	"Book of rime"	"forme préférée"
"bords"	"Bords"	"forme préférée"
"bottin"	"Bottin"	"forme préférée"
"bottinimaginaire"	"Bottin imaginaire"	"forme préférée"
"bouillonkub"	"Bouillon Kub"	"forme préférée"
"bouvardetpecuchet"	"Bouvard et Pécuchet"	"forme préférée"
"breviaireromain"	"Bréviaire romain"	"forme préférée"
"brisdemots"	"Bris de mots"	"forme préférée"
"bucolique"	"Bucolique"	"forme préférée"
"bulletindeleducationnationale"	"Bulletin de l’Éducation nationale"	"forme préférée"
"bulletinducentre"	"Bulletin du centre"	"forme alternative"
"bulletinducentre"	"Bulletin du Centre de Besançon"	"forme préférée"
"Cahier des Amis de Valentin Bru"	"N° spécial"	"forme alternative"
"Cahier des Amis de Valentin Bru"	"N° spécial queneau oulipo"	"forme alternative"
"cahier9"	"Cahier 9"	"forme alternative"
"cahier9"	"Cahiers de Paul Valéry"	"forme préférée"
"cahier9"	"Cahiers. Tome xiii"	"forme alternative"
"cahierdelexicologie"	"Cahier de lexicologie"	"forme préférée"
"cahierqueneau"	"Cahier queneau"	"forme alternative"
"cahierqueneau"	"Cahiers"	"forme alternative"
"cahierqueneau"	"Cahiers Queneau"	"forme préférée"
"cahierqueneau"	"Cahiers rq"	"forme alternative"
"cahiers"	"Cahiers "	"forme alternative"
"cahiersdadasurrealisme"	"Cahiers dada-surréalisme"	"forme préférée"
"cahiersdepataphysique"	"Cahiers de pataphysique"	"forme préférée"
"cahiersdepataphysique"	"Cahiers de pataphysique"	"forme alternative"
"cahiersdepataphysique"	"Les Cahiers"	"forme alternative"
"cahiersdesavb"	"Amis de Valentin Bru"	"forme alternative"
"cahiersdesavb"	"Avb"	"forme alternative"
"cahiersdesavb"	"Cahier des Amis de Valentin Bru"	"forme préférée"
"cahiersdesavb"	"Cahiers des avb"	"forme alternative"
"cahiersdesavb"	"Cahiers valentin bru"	"forme alternative"
"cahiersdumonotone"	"Cahiers du monotone"	"forme préférée"
"cahiersdusud"	"Cahiers du sud"	"forme préférée"
"cahiersjpaulhanno3"	"Cahiers j. Paulhan no.3"	"forme alternative"
"cahiersjpaulhanno3"	"Cahiers Jean Paulhan"	"forme préférée"
"calculmatricielalangage"	"Calcul matriciel à langage"	"forme préférée"
"calligrammes"	"Calligrammes"	"forme préférée"
"calvino"	"Bibliothèque oulipienne (vol. 6, Calvino)"	"forme préférée"
"calvino"	"Calvino"	"forme alternative"
"calvino"	"Le Calvino"	"forme alternative"
"canadadry"	"Canada dry"	"forme préférée"
"canardenchaine"	"Canard enchaîné"	"forme alternative"
"canardenchaine"	"Le Canard enchainé"	"forme alternative"
"canardenchaine"	"Le Canard enchaîné"	"forme préférée"
"cantatricesauve"	"Cantatrice"	"forme alternative"
"cantatricesauve"	"Cantatrice sauve"	"forme alternative"
"cantatricesauve"	"La Cantatrice sauve"	"forme préférée"
"cape"	"Cape"	"forme alternative"
"cape"	"Édition Cape"	"forme alternative"
"cape"	"Ex-cape"	"forme alternative"
"cape"	"Le Dossier « Cape »"	"forme préférée"
"capriccioitaliano"	"Capriccio italiano"	"forme préférée"
"cartepostale"	"Carte postale"	"forme alternative"
"cartepostale"	"Cartes postales"	"forme préférée"
"cartespostales"	"Cartes postales"	"forme alternative"
"cebelaujourdhui"	"Ce bel aujourd’hui"	"forme préférée"
"cecile"	"Cecile"	"forme alternative"
"cecile"	"Cécile"	"forme préférée"
"celuiquipourrissait"	"Celui qui pourrissait"	"forme préférée"
"cene"	"Cène"	"forme alternative"
"cene"	"La Cène"	"forme préférée"
"centanagrammes"	"Cent anagrammes"	"forme préférée"
"centmillemilliards"	"Cent mille milliards"	"forme alternative"
"centmillemilliardsdepoemes"	1014	"forme alternative"
"centmillemilliardsdepoemes"	"10 milliards de poèmes"	"forme alternative"
"centmillemilliardsdepoemes"	"100 000 milliards"	"forme alternative"
"centmillemilliardsdepoemes"	"100 000 milliards"	"forme alternative"
"centmillemilliardsdepoemes"	"100 m.m. de poèmes"	"forme alternative"
"centmillemilliardsdepoemes"	"100.000 m de p"	"forme alternative"
"centmillemilliardsdepoemes"	"100.000 milliards de poèmes"	"forme alternative"
"centmillemilliardsdepoemes"	"100.000.000.000.000. De poemes."	"forme alternative"
"centmillemilliardsdepoemes"	"100000000000000 de poèmes"	"forme alternative"
"centmillemilliardsdepoemes"	"10014 de poèmes"	"forme alternative"
"centmillemilliardsdepoemes"	"1010 poèmes"	"forme alternative"
"centmillemilliardsdepoemes"	"1014 poèmes"	"forme alternative"
"centmillemilliardsdepoemes"	"1014ème poème"	"forme alternative"
"centmillemilliardsdepoemes"	"Cent mille milliards"	"forme alternative"
"centmillemilliardsdepoemes"	"Cent mille milliards de poemes"	"forme alternative"
"centmillemilliardsdepoemes"	"Cent mille milliards de poèmes"	"forme préférée"
"centmillemilliardsdepoemes"	"Cent mille milliards de poèmes"	"forme alternative"
"centmillemilliardsdepoemes"	"Cent mille milliards de poèmes"	"forme alternative"
"centmillemilliardsdepoemes"	"Cent mille milliards des poèmes"	"forme alternative"
"centmillemilliardsdepoemes"	"Des cent mille milliards de poèmes"	"forme alternative"
"centmillemilliardsdesonnets"	"Cent mille milliards de sonnets"	"forme alternative"
"cequediraitleportrait"	"Ce que dirait le portrait"	"forme préférée"
"cerepereperec"	"Ce repère Perec"	"forme préférée"
"cerisy"	"Cerisy"	"forme alternative"
"cerisy"	"La Décade de Cerisy (1963)"	"forme préférée"
"certaindisparate"	"Certain disparate"	"forme alternative"
"certaindisparate"	"Un certain disparate"	"forme préférée"
"certaindisparate"	"Une certaine disparate"	"forme alternative"
"change"	"Change"	"forme préférée"
"chantdesigne"	"Chant de signe"	"forme préférée"
"charliehebdo"	"Charlie Hebdo"	"forme préférée"
"chartreusedeparme"	"Chartreuse de Parme"	"forme alternative"
"chartreusedeparme"	"La Chartreuse de Parme"	"forme préférée"
"chatenpoche"	"Chat en poche"	"forme préférée"
"chats"	"Chats"	"forme alternative"
"chats"	"Les Chats"	"forme préférée"
"cheneetchien"	"Chêne et chien"	"forme préférée"
"chicagoreview"	"Chicago Review"	"forme préférée"
"chiendent"	"Chiendent"	"forme alternative"
"chiendent"	"Chiendent"	"forme alternative"
"chiendent"	"Le Chiendent"	"forme préférée"
"chimere"	"Chimère"	"forme alternative"
"chimere"	"Chimères"	"forme alternative"
"chimere"	"Les Chimères"	"forme préférée"
"chimeres"	"Chimères"	"forme alternative"
"chineseorangemystery"	"Chinese orange mystery"	"forme préférée"
"chrysomallo"	"Chrysomallo"	"forme préférée"
"chrysomallo"	"Chrysomallo"	"forme alternative"
"cigaleetlafourmi"	"Cigale et la fourmi"	"forme alternative"
"cigaleetlafourmi"	"La Cigale et la fourmi"	"forme préférée"
"cigarettes"	"Cigarettes"	"forme préférée"
"cigarettes"	"Cigarettes"	"forme alternative"
"cinemadequartier"	"Cinéma de quartier"	"forme préférée"
"cinquantepoemesoligogrammes"	"Cinquante poèmes oligogrammes"	"forme préférée"
"cinquantetroisjours"	"Cinquante-trois jours"	"forme préférée"
"clefspourlalitteraturepotentielle"	"Clefs "	"forme alternative"
"clefspourlalitteraturepotentielle"	"Clefs pour la littérature potentielle"	"forme préférée"
"clododudharmadeanshan"	"Clodo du dharma de An-Shan"	"forme préférée"
"codeduduellitteraire"	"Code du duel littéraire"	"forme préférée"
"codeoftheliteraryduel"	"Code of the literary duel"	"forme préférée"
"collectionsoluble"	"Collection soluble"	"forme préférée"
"combinatoireetchevalerie"	"Combinatoire et chevalerie"	"forme préférée"
"comediehumaine"	"Comédie humaine"	"forme alternative"
"comediehumaine"	"Comédie humaine"	"forme alternative"
"comediehumaine"	"La Comédie humaine"	"forme préférée"
"commentjaiecritcertainsdemeslivres"	"Comment j’ai écrit certains de mes livres"	"forme préférée"
"commentjaiecrittousmeslivres"	"Comment j’ai écrit tous mes livres"	"forme préférée"
"communications"	"Communications"	"forme préférée"
"complaintesetepitaphesduroydelabazoche"	"Complaintes et epitaphes du roy de la bazoche"	"forme préférée"
"complementsdenoms"	"Compléments de noms"	"forme préférée"
"compositionn1"	"Composition n°1"	"forme préférée"
"concertopourportejarretelle"	"Concerto pour porte-jarretelle"	"forme préférée"
"concordancedutemps"	"Concordance du temps"	"forme préférée"
"conditionofdesire"	"Condition of Desire"	"forme préférée"
"confessionsdudiable"	"Confessions du diable"	"forme préférée"
"constructionwork"	"Construction work"	"forme préférée"
"contedulabrador"	"Conte du labrador"	"forme alternative"
"contedulabrador"	"Labrador"	"forme alternative"
"contedulabrador"	"Le Conte du labrador"	"forme préférée"
"contemporaryauthorsautobiography"	"Contemporary authors autobiography"	"forme préférée"
"contes"	"Contes"	"forme alternative"
"contes"	"Contes de Maupassant"	"forme préférée"
"contrepoints"	"Contrepoints"	"forme préférée"
"contributionauneinterpretationoulipiennedelhistoire"	"Contribution à une interprétation oulipienne de l’histoire"	"forme préférée"
"conversions"	"Conversions"	"forme préférée"
"corbeauetlerenard"	"Corbeau et le renard"	"forme alternative"
"corbeauetlerenard"	"Le Corbeau et le renard"	"forme préférée"
"cousinebette"	"Cousine Bette"	"forme alternative"
"cousinebette"	"La Cousine Bette"	"forme préférée"
"cousinpons"	"Cousin pons"	"forme alternative"
"cousinpons"	"Le Cousin Pons"	"forme préférée"
"cratyle"	"Cratyle"	"forme alternative"
"cratyle"	"Le Cratyle"	"forme préférée"
"creationsrecreationsrecreations"	"Créations, re-créations, récréations"	"forme préférée"
"crisedetheatre"	"Crise"	"forme alternative"
"crisedetheatre"	"Crise de théâtre"	"forme préférée"
"critique"	"Critique"	"forme préférée"
"daristotealoulipo"	"D'Aristote à l'Oulipo"	"forme préférée"
"dasbucheinbuch"	"Das buch ein buch"	"forme préférée"
"deboutledaneedelaterre"	"Debout, Léda, née de la terre !"	"forme préférée"
"definitiondeloulipo"	"Définition de l’Oulipo"	"forme préférée"
"delametamorphosedunmythe"	"De la métamorphose d’un mythe belge …"	"forme préférée"
"delametamorphosedunmythe"	"De la métamorphose d’un mythe belge ou le voyage à verviers"	"forme alternative"
"delie"	"Délie"	"forme préférée"
"delinutilitedelarimedanslespoemesrimes"	"De l’inutilité de la rime dans les poèmes rimés"	"forme préférée"
"deloulipoalalamo"	"De l’Oulipo à l’Alamo […]"	"forme préférée"
"deloulipoalalamo"	"De l’oulipo à l’alamo, une expérience littéraire et ses retombées technologiques"	"forme alternative"
"delouvroirdeloulipoetsonexterieuratoutelhumanite"	"De l’Ouvroir de l’Oulipo et son extérieur à toute l’humanité"	"forme préférée"
"demandedemploi"	"Demande d’emploi"	"forme alternative"
"demandedemploi"	"La Demande d’emploi"	"forme préférée"
"dequelquesfournitures"	"De quelques fournitures de bureau …"	"forme préférée"
"dequelquesfournitures"	"De quelques fournitures de bureau nécessaires à un oulipien dans l’exercice de ses fonctions."	"forme alternative"
"dequeneaualoulipo"	"De Queneau à l’Oulipo"	"forme préférée"
"dereutricularia"	"De re utricularia"	"forme préférée"
"dereutricularia"	"De re…"	"forme alternative"
"desansetdesanes"	"Des ans et des ânes"	"forme préférée"
"desformationsdelinconscient"	"Des formations de l’inconscient"	"forme préférée"
"designofalanguageforcosmicintercourse"	"Design of a language for cosmic intercourse"	"forme préférée"
"destinscroises"	"Destins croisés"	"forme préférée"
"deuxiememanifeste"	"Deuxième manifeste"	"forme préférée"
"deuxiememanifeste"	"IIe manifeste"	"forme alternative"
"deuxiememanifeste"	"Manifeste"	"forme alternative"
"dialabuzzword"	"Dial a buzzword"	"forme préférée"
"dialogue"	"Dialogue"	"forme alternative"
"dialogue"	"Dialogue [sur l’Oulipo]"	"forme préférée"
"dictionnairedelinformatique"	"Dictionnaire de l’informatique"	"forme préférée"
"dictionnairedelinformatique"	"Dictionnaire de l’informatique"	"forme alternative"
"dictionnairedesideesrecues"	"Dictionnaire des idées reçues"	"forme préférée"
"dictionnairedesinjures"	"Dictionnaire des injures"	"forme préférée"
"dictionnairedesmathematiques"	"Dictionnaire de mathématiques"	"forme alternative"
"dictionnairedesmathematiques"	"Dictionnaire des mathématiques"	"forme préférée"
"dictionnairedesmathematiques"	"Dictionnaire mathématiques"	"forme alternative"
"dictionnairedesmotsretrouves"	"Dictionnaire des mots retrouvés"	"forme préférée"
"dictionnairedesmotsretrouves"	"Dictionnaire des mots retrouvés"	"forme alternative"
"dictionnairedesonomatopees"	"Dictionnaire des onomatopées"	"forme préférée"
"dictionnairedesonomatopees"	"Dictionnaire des onomatopées"	"forme alternative"
"dictionnairedespersonnages"	"Dictionnaire des personnages"	"forme préférée"
"dictionnairedesrimessinges"	"Dictionnaire des rimes singes"	"forme préférée"
"dictionnairedesynonymes"	"Dictionnaire de synonymes"	"forme préférée"
"dictionnairedesynonymes"	"Dictionnaire des synonymes de Larousse"	"forme alternative"
"dictionnairedufrancaisepele"	"Dictionnaire du français épelé"	"forme préférée"
"dictionnairedujapon"	"Dictionnaire du Japon"	"forme préférée"
"dictionnairehoudin"	"Dictionnaire Houdin"	"forme préférée"
"dictionnairelaffont"	"Dictionnaire Laffont"	"forme préférée"
"dictionnairelarousse"	"Dictionnaire Larousse"	"forme préférée"
"dictionnairerobert"	"Dictionnaire Robert"	"forme préférée"
"dictionnairesdemathews"	"Dictionnaires de Mathews"	"forme préférée"
"dictionnaireseghers"	"Dictionnaire Seghers"	"forme préférée"
"differenceentrelouliposemanthematiqueetlesexplicationsdetextesdepoetique"	"Différence entre l’oulipo sémanthématique et les explications de textes de « poétique »"	"forme alternative"
"differenceentrelouliposemanthematiqueetlesexplicationsdetextesdepoetique"	"L’Oulipo sémanthématique (titre abr.) "	"forme préférée"
"dimanchedelavie"	"Dimanche de la vie"	"forme alternative"
"diogene"	"Diogène"	"forme préférée"
"disparition"	"Disparition"	"forme alternative"
"disparition"	"Disparition"	"forme alternative"
"disparition"	"La Disparition"	"forme préférée"
"distiquesmonosyllabiques"	"Distiques monosyllabiques"	"forme préférée"
"domainesthematiques"	"Domaines thématiques"	"forme préférée"
"domesticcontentment"	"Domestic contentment"	"forme préférée"
"dossier"	"Dossier"	"forme préférée"
"dossier"	"Dossier"	"forme alternative"
"dossier17"	"Dossier17 + vervier"	"forme alternative"
"dossiercalembour"	"Dossier calembour"	"forme préférée"
"dossiercape"	"Dossier cape"	"forme alternative"
"dossiercape"	"Dossier Cape "	"forme préférée"
"dossiercape"	"Dossier cape/bérès"	"forme alternative"
"dossiercape"	"Dossier ex-cape"	"forme alternative"
"dossiercape"	"Dossier tarn/cape"	"forme alternative"
"dossierducollege"	"Dossier 17"	"forme alternative"
"dossierducollege"	"Dossier de l’Oulipo"	"forme alternative"
"dossierducollege"	"Dossier du Collège"	"forme alternative"
"dossierducollege"	"Dossier du Collège de Pataphysique sur l’Oulipo (n°17)"	"forme préférée"
"dossierducollege"	"Dossier la littérature potentielle"	"forme alternative"
"dossierducollege"	"Dossier oulipien"	"forme alternative"
"dossierducollege"	"Dossier oulipien du collège"	"forme alternative"
"dossierducollege"	"Dossier oulipo"	"forme alternative"
"dossierducollege"	"Dossiers du collège"	"forme alternative"
"dossierducollege"	"Dossiers oulipo"	"forme alternative"
"droledebaroque"	"Drôle de baroque"	"forme préférée"
"droledebaroque"	"Drôle de baroque"	"forme alternative"
"ducheneetleguay"	"Duchêne et Leguay"	"forme alternative"
"ducheneetleguay"	"Petite fabrique de littérature (Duchesne, Legay)"	"forme préférée"
"duclinamen"	"Du clinamen"	"forme préférée"
"dureveaureveil"	"Du Rêve au réveil"	"forme préférée"
"e_"	"∈"	"forme préférée"
"ecclesiaste"	"Ecclésiaste"	"forme alternative"
"ecclesiaste"	"L’Ecclésiaste"	"forme préférée"
"echantillons"	"Echantillons"	"forme préférée"
"echodessavanes"	"Echo des savanes"	"forme alternative"
"echodessavanes"	"L’Echo des savanes"	"forme préférée"
"eclipse"	"Eclipse"	"forme préférée"
"economist"	"Economist"	"forme alternative"
"economist"	"The Economist"	"forme préférée"
"ecrire"	"Ecrire"	"forme alternative"
"ecrire"	"Écrire"	"forme préférée"
"ecriremodedemploi"	"Ecrire : mode d’emploi"	"forme préférée"
"editueurs"	"Edi…tueurs"	"forme préférée"
"editueurs"	"Edi...tueurs"	"forme alternative"
"elementsdeschematisation"	"Éléments de schématisation"	"forme préférée"
"elementsdesyntaxestructurale"	"Eléments de syntaxe structurale"	"forme préférée"
"elementspouruncalculdusens"	"Eléments pour un calcul du sens"	"forme préférée"
"ellisisland"	"Ellis Island"	"forme préférée"
"encyclopediauniversalis"	"Encyclopédia universalis"	"forme alternative"
"encyclopediauniversalis"	"Encyclopédie universalis"	"forme alternative"
"encyclopediauniversalis"	"L’Encyclopedia universalis"	"forme préférée"
"encyclopediedelapleiade"	"Encyclopédie"	"forme alternative"
"encyclopediedelapleiade"	"Encyclopédie de la Pléiade"	"forme préférée"
"encyclopedieeinaudi"	"Encyclopédie einaudi"	"forme préférée"
"enigmatika4"	"Enigmatika"	"forme préférée"
"enigmatika4"	"Enigmatika 4"	"forme alternative"
"entreneigeetglace"	"Entre neige et glace"	"forme préférée"
"entreneigeetglace"	"Entre neige et glace"	"forme alternative"
"entretiens"	"Entretiens"	"forme préférée"
"epigrammeii"	"Epigramme"	"forme préférée"
"epigrammeii"	"Epigramme ii"	"forme alternative"
"epouvantail"	"Épouvantail"	"forme préférée"
"escape"	"Escape"	"forme préférée"
"essaisdelitteraturevraimentgenerale"	"Essais de littérature (vraiment) générale"	"forme préférée"
"essaisdequeneau"	"Essais de Queneau"	"forme préférée"
"esthetique"	"Esthétique"	"forme préférée"
"etc"	"Etc"	"forme préférée"
"excape"	"Ex-cape"	"forme alternative"
"excape"	"Excape"	"forme alternative"
"excape"	"Excape"	"forme alternative"
"exercicedeblanchimentdelarime"	"Exercice de blanchiment de la rime"	"forme préférée"
"exercicedestyle"	"Exercice de style"	"forme alternative"
"exercicesdestyle"	"Exercice de style"	"forme alternative"
"exercicesdestyle"	"Exercices"	"forme alternative"
"exercicesdestyle"	"Exercices de style"	"forme préférée"
"exercicesdestyle"	"Les exercices de style"	"forme alternative"
"exercicesgraphologiques"	"Exercices graphologiques"	"forme préférée"
"exorcismosdesestilo"	"Exorcismos des esti(l)o"	"forme préférée"
"express"	"Express"	"forme alternative"
"express"	"L’Express"	"forme préférée"
"exprimass"	"Exprimass"	"forme alternative"
"exprimass"	"L’Exprimass"	"forme préférée"
"fables"	"Fables"	"forme préférée"
"famillefenouillard"	"Famille Fenouillard"	"forme préférée"
"fanfreluchesantidotees"	"Fanfreluches antidotées"	"forme préférée"
"fantaisie"	"Fantaisie"	"forme préférée"
"fantaisiesversificatoires"	"Fantaisies versificatoires"	"forme préférée"
"fantasiamathematica"	"Fantasia mathématica"	"forme préférée"
"fantomas"	"Fantômas"	"forme préférée"
"fantomesetfarfafouilles"	"Fantômes et farfafouilles"	"forme préférée"
"fascismeetoulipo"	"Fascisme et Oulipo"	"forme préférée"
"faust"	"Faust"	"forme préférée"
"fermeturepourtravaux"	"Fermeture pour travaux"	"forme préférée"
"fiction"	"Fiction"	"forme préférée"
"figaro"	"Figaro"	"forme préférée"
"finneganswake"	"Finnegan’s wake"	"forme préférée"
"fleurinverse"	"Fleur inverse"	"forme préférée"
"fleursdumal"	"Fleurs du mal"	"forme alternative"
"fleursdumal"	"Fleurs du mal"	"forme alternative"
"fleursdumal"	"Les Fleurs du Mal"	"forme préférée"
"fluideglacial"	"Fluide glacial"	"forme préférée"
"fluideglacial"	"Fluide glacial"	"forme alternative"
"foretracinelabyrinthe"	"Forêt. Racine. Labyrinthe"	"forme préférée"
"foretracinelabyrinthe"	"Forêts-labyrinthes"	"forme alternative"
"francaisparlamethodeassimil"	"Français par la méthode Assimil"	"forme préférée"
"francemusique"	"France-musique"	"forme préférée"
"francesoir"	"France-soir"	"forme préférée"
"frei"	"Frei"	"forme alternative"
"frei"	"Le Livre des deux mille phrases (Frei)"	"forme préférée"
"fromageoudessert"	"Fromage ou dessert ?"	"forme préférée"
"fronton"	"Fronton"	"forme préférée"
"fureurdelire"	"Fureur de lire"	"forme préférée"
"furor"	"Furor"	"forme préférée"
"gargantua"	"Gargantua"	"forme préférée"
"gatsby"	"Gatsby"	"forme préférée"
"gazettedesmathematiciens"	"Gazette des mathématiciens"	"forme préférée"
"generalizationofthesestina"	"Generalization of the sestina"	"forme préférée"
"genese"	"Genèse"	"forme préférée"
"georgesperecmodedemploi"	"Georges Perec, mode d’emploi"	"forme préférée"
"germinal"	"Germinal"	"forme préférée"
"gigantexte"	"Gigantexte"	"forme préférée"
"gigantexte"	"Gigantexte n°2"	"forme alternative"
"gilblas"	"Gil blas"	"forme préférée"
"graal"	"Graal"	"forme préférée"
"graaltheatre"	"Graal théâtre"	"forme préférée"
"grammairedelimaginaire"	"Grammaire de l’imaginaire"	"forme préférée"
"grammaireturbulentedufrancaiscontemporain"	"Grammaire turbulente du français contemporain"	"forme préférée"
"grandpalindrome"	"Grand palindrome"	"forme préférée"
"grandsrhetoriqueurs"	"Grand rhétoriqueur"	"forme alternative"
"grandsrhetoriqueurs"	"Grands Rhétoriqueurs"	"forme préférée"
"grandsrhetoriqueurs"	"Rhétoriqueurs"	"forme alternative"
"greatgatsby"	"Great Gatsby"	"forme préférée"
"guide"	"Guide"	"forme alternative"
"guidedelitterature"	"3è volume"	"forme alternative"
"guidedelitterature"	"Guide"	"forme alternative"
"guidedelitterature"	"Guide de littérature"	"forme alternative"
"guidedelitterature"	"Guide de littérature"	"forme alternative"
"guidedelitterature"	"Guide littéraire"	"forme alternative"
"guidedelitterature"	"Guide littéraire (Oulipo, vol. 3)"	"forme préférée"
"guidedelitterature"	"Guide pour la littérature universelle"	"forme alternative"
"guidedelitterature"	"Nouveau guide de littérature"	"forme alternative"
"guidedelitterature"	"Sommaire du guide de littérature, établi après deux jours de débats"	"forme alternative"
"hamlet"	"Hamlet"	"forme préférée"
"herbierdesdunes"	"Herbier des dunes"	"forme préférée"
"herecomethetigers"	"Here come the tigers"	"forme préférée"
"heritiersderq"	"Héritiers de Raymond Queneau"	"forme préférée"
"heritiersderq"	"Héritiers de rq"	"forme alternative"
"hermogenandtherenaissance"	"Hermogen and the Renaissance"	"forme préférée"
"heroine"	"Heroïne"	"forme préférée"
"hexameron"	"Hexameron"	"forme préférée"
"hilbert"	"Hilbert"	"forme préférée"
"histoiredeslitteraturesexperimentales"	"H.l.e"	"forme alternative"
"histoiredeslitteraturesexperimentales"	"Histoire des littératures expérimentales"	"forme préférée"
"histoiregeneraledescantatrices"	"Histoire générale des cantatrices"	"forme préférée"
"histoireromaineetoulipo"	"Histoire romaine et Oulipo"	"forme préférée"
"histoiresdemachines"	"Histoires de machines"	"forme préférée"
"historyofthetheoryofnumbers"	"History of the theory of numbers"	"forme préférée"
"hommagesarq"	"Hommages à Raymond Queneau"	"forme préférée"
"hommagesarq"	"Hommages à rq"	"forme alternative"
"homonymes"	"Homonymes"	"forme préférée"
"homosyntaxisme"	"Homosyntaxisme"	"forme alternative"
"homosyntaxisme"	"Homosyntaxisme à la lettre"	"forme préférée"
"horizon"	"Horizon"	"forme préférée"
"host"	"Host"	"forme préférée"
"hoteldesens"	"Hôtel de sens"	"forme alternative"
"hymnemonosyllabiqueaucreateur"	"Hymne monosyllabique au créateur"	"forme préférée"
"hymneoulipien"	"Hymne oulipien"	"forme préférée"
"hymnes"	"Hymnes"	"forme préférée"
"idees"	"Idées"	"forme préférée"
"ilcaffe"	"Il caffé"	"forme alternative"
"ilcaffe"	"Il Caffè"	"forme préférée"
"illiade"	"Illiade"	"forme alternative"
"illiade"	"L’Illiade"	"forme préférée"
"immediate"	"Immediate"	"forme alternative"
"immediate"	"Immédiate"	"forme alternative"
"immediate"	"l’immédiate"	"forme préférée"
"impressionsdafrique"	"Impressions d’Afrique"	"forme préférée"
"impulsiondelaforme"	"Impulsion de la forme"	"forme préférée"
"informationsbull"	"Informations Bull"	"forme préférée"
"insectecontemplantlaprehistoire"	"Insecte contemplant la préhistoire"	"forme préférée"
"insectecontemplantlaprehistoire"	"Insecte contemplant la préhistoire"	"forme alternative"
"introductionalanalysedelapoesie"	"Introduction à l’analyse de la poésie"	"forme préférée"
"introductionalatheoriedelinformation"	"Introduction à la théorie de l’information"	"forme préférée"
"inventaires"	"Inventaires"	"forme préférée"
"invisibleseattle"	"Invisible seattle"	"forme préférée"
"ioetleloup"	"Io et le loup"	"forme préférée"
"ioetleloup"	"Io et le loup"	"forme alternative"
"italiques"	"Italiques"	"forme préférée"
"jacqueslefataliste"	"Jacques le Fataliste"	"forme préférée"
"jaimelire"	"J’aime lire"	"forme préférée"
"jarrylapataphysiqueetloulipo"	"Jarry, la ‘pataphysique et l’Oulipo"	"forme préférée"
"java"	"Java"	"forme préférée"
"jecroix"	"Je croix"	"forme préférée"
"jemesouviens"	"Je me souviens"	"forme préférée"
"jemesouviens"	"Je me souviens"	"forme alternative"
"jemesouviensdegeorgesperec"	"Je me souviens de Georges Perec"	"forme préférée"
"jesuisne"	"Je suis né"	"forme préférée"
"jesuisvenucalmeorphelin"	"Je suis venu, calme orphelin"	"forme préférée"
"jetueil"	"Je tue il"	"forme préférée"
"jetueil"	"Je tue il"	"forme alternative"
"jeudelarenaissance"	"Jeu de la Renaissance"	"forme alternative"
"jeudelarenaissance"	"Le Jeu de la Renaissance"	"forme préférée"
"jeun17"	"Jeu n° 17"	"forme préférée"
"jeun17"	"Jeu n°17"	"forme alternative"
"jeunearchimede"	"Jeune Archimède"	"forme préférée"
"jeuoulipique"	"Jeu oulipique"	"forme préférée"
"jeuxetstrategies"	"Jeux et stratégies"	"forme préférée"
"jouonsauxanagrammesavecsaussure"	" jouons aux anagrammes avec saussure "	"forme alternative"
"jouonsauxanagrammesavecsaussure"	"Jouons aux anagrammes avec Saussure "	"forme préférée"
"journal"	"Journal"	"forme alternative"
"journal"	"Le Journal de Jules Renard"	"forme préférée"
"journalderq"	"Journal de Raymond Queneau"	"forme préférée"
"journalderq"	"Journal de rq"	"forme alternative"
"journaldespoetes"	"Journal des poètes"	"forme préférée"
"journalduhavre"	"Journal du Havre"	"forme préférée"
"journalofficiel"	"Journal officiel"	"forme préférée"
"journalofirreproducibleresults"	"Journal of irreproducible results"	"forme préférée"
"juiferrant"	"Juif errant"	"forme alternative"
"juiferrant"	"Le Juif errant"	"forme préférée"
"justine"	"Justine"	"forme préférée"
"kaikai"	"Kaï-kaï"	"forme préférée"
"kewrhone"	"Kew rhône"	"forme préférée"
"labaratte"	"La Baratte"	"forme préférée"
"labibliothequeimpossible"	"La Bibliothèque impossible"	"forme préférée"
"labrador"	"Labrador ii"	"forme alternative"
"labsencederime"	"L’Absence de rime"	"forme préférée"
"labyrinthedutemoin"	"Labyrinthe du témoin"	"forme préférée"
"lac"	"Lac"	"forme préférée"
"lacantatricesauve"	"La cantatrice sauve"	"forme alternative"
"lacantatricesauve"	"La cantatrice sauve"	"forme alternative"
"lacarriere"	"La Carrière"	"forme préférée"
"lachassespirituelle"	"La Chasse spirituelle"	"forme préférée"
"lachroniquedesecritsencours"	"La Chronique des ecrits en cours"	"forme alternative"
"lachroniquedesecritsencours"	"La Chronique des écrits en cours"	"forme préférée"
"lacimaiseetlafraction"	"La Cimaise et la fraction"	"forme préférée"
"laclassedelittpot"	"La Classe de litt. Pot."	"forme alternative"
"laclassedelittpot"	"La Classe de littérature Potentielle"	"forme préférée"
"laclefdessons"	"La Clef des sons"	"forme préférée"
"laclemencedetitus"	"La Clémence de Titus"	"forme préférée"
"lacloture"	"La Clôture"	"forme préférée"
"lacorrection"	"La Correction"	"forme préférée"
"lacosmogonie"	"La Cosmogonie"	"forme préférée"
"lacotedesdieux"	"La Côte des dieux"	"forme préférée"
"lacrisetheatrale"	"La Crise théâtrale"	"forme préférée"
"ladeesseblanche"	"La Déesse blanche"	"forme préférée"
"ladisparition"	"La disparition"	"forme alternative"
"lafeeauxbretelles"	"La Fée aux bretelles"	"forme préférée"
"laffaireblaireau"	"L’Affaire blaireau"	"forme préférée"
"lafrontiereetletexte"	"La Frontière et le texte"	"forme préférée"
"lageducapitainelerreurenmathematiques"	"L’Âge du capitaine, l’erreur en mathématiques"	"forme préférée"
"lagenese"	"La Genèse"	"forme préférée"
"lagirafe"	"La Girafe"	"forme préférée"
"lagirafedepeignee"	"La Girafe dépeignée"	"forme préférée"
"lairaufonddeleauleauaufonddelair"	"L’Air au fond de l’eau, l’eau au fond de l’air"	"forme préférée"
"lairdutemps"	"L’Air du temps"	"forme préférée"
"lajeuneparque"	"La Jeune parque"	"forme préférée"
"lajoconde"	"La Joconde"	"forme préférée"
"lajoconde"	"La joconde"	"forme alternative"
"lalbatros"	"Albatros"	"forme alternative"
"lalbatros"	"L’Albatros"	"forme préférée"
"laliberteguidantlepeintre"	"La Liberté guidant le peintre"	"forme préférée"
"lalitteraturemodedemploi"	"La littérature : mode d’emploi"	"forme alternative"
"lalitteraturemodedemploi"	"Littérature : mode d’emploi"	"forme préférée"
"laloidutalion"	"La loi du talion"	"forme alternative"
"laloidutalion"	"La loi du talion"	"forme alternative"
"laloidutalion"	"Loi du Talion"	"forme préférée"
"lalphabetdesaveux"	"L’Alphabet des aveux"	"forme préférée"
"lamachineapoesie"	"La Machine à poésie"	"forme préférée"
"lamalledehambourg"	"La Malle de Hambourg"	"forme préférée"
"lamarseillaise"	"La Marseillaise"	"forme préférée"
"lamathematiquedanslamethodederaymondqueneau"	"La Mathématique dans la méthode de Raymond Queneau"	"forme préférée"
"lamerencejardin"	"L’Amer en ce jardin"	"forme préférée"
"lamourapeage"	"L’Amour à péage"	"forme préférée"
"lamule"	"La Mule"	"forme préférée"
"lanature"	"La Nature"	"forme préférée"
"langagesdemai84"	"Langages"	"forme préférée"
"langagesdemai84"	"Langages de mai 84"	"forme alternative"
"lanouvellebarredujour"	"La nouvelle barre du jour"	"forme alternative"
"lanouvellerevuefrancaise"	"La nouvelle revue française"	"forme alternative"
"lanouvellerevuefrancaise"	"La nouvelle Revue française"	"forme préférée"
"lanouvellerevuefrancaise"	"Nouvelle revue française"	"forme alternative"
"lanthologiedesgr"	"L’Anthologie des gr"	"forme alternative"
"lanthologiedesgr"	"L’Anthologie des grands Rhétoriqueurs"	"forme préférée"
"lantitete"	"L’Anti-tête"	"forme préférée"
"lantitete"	"L’antitête"	"forme alternative"
"lantonymie"	"L’Antonymie"	"forme préférée"
"laparoladipinta"	"La Parola di pinta"	"forme préférée"
"laparolechiffree"	"La Parole chiffrée"	"forme préférée"
"lapleiade"	"La Pléiade"	"forme préférée"
"lapleiade"	"Le pléiade"	"forme alternative"
"lapocopeducoiffeur"	"L’Apocope du coiffeur"	"forme préférée"
"lapromenadedefrancois"	" La promenade de François "	"forme alternative"
"lapromenadedefrancois"	"La Promenade de François "	"forme préférée"
"laquinzaine"	"La Quinzaine"	"forme préférée"
"laquinzaine"	"La quinzaine"	"forme alternative"
"larbreatheatre"	"L’arbre à théâtre"	"forme alternative"
"larbreatheatre"	"L’arbre à théâtre"	"forme alternative"
"laregleetlacontrainte"	"La Règle et la contrainte"	"forme préférée"
"lareineazteque"	"La Reine aztèque"	"forme préférée"
"lareineazteque"	"Reine aztèque"	"forme alternative"
"laronde"	"La Ronde"	"forme préférée"
"larousse"	"Larousse"	"forme préférée"
"larousse"	"Le larousse"	"forme alternative"
"larrieretrainsiffleratroisfois"	"L’Arrière-train sifflera trois fois"	"forme préférée"
"lartdelamemoire"	"L’Art de la mémoire"	"forme préférée"
"lartdemetrifierfrancois1497"	"L’Art de métrifier françois (1497)"	"forme préférée"
"lartdesonnerlescloches"	"L’Art de sonner les cloches"	"forme préférée"
"lartdinventerlespersonnages"	"L’Art d’inventer les personnages"	"forme préférée"
"lartdupalindromephonetique"	"L’art du palindrome phonétique"	"forme préférée"
"lartdupalindromephonetique"	"L’art du palindrome phonétique"	"forme alternative"
"lartdupalindromephonetique"	"L’art du palindrome phonétique"	"forme alternative"
"laruse"	"La Ruse"	"forme préférée"
"lasvocalesmalditas"	"Las Vocales malditas"	"forme préférée"
"lasynagoguedesiconoclasts"	"La Synagogue des iconoclasts"	"forme préférée"
"latabledequeneau"	"La table de queneau"	"forme alternative"
"latheoriedesgroupesdalexandrof"	"La Théorie des groupes d’Alexandrof"	"forme préférée"
"latristeodysseedemademoiselledemontigne"	"La Triste Odyssée de Mademoiselle de Montigné"	"forme préférée"
"latypographieautableaunoir"	" la typographie au tableau noir "	"forme alternative"
"latypographieautableaunoir"	"La Typographie au tableau noir "	"forme préférée"
"laugmentation"	"L'Augmentation"	"forme préférée"
"lauteuroulipien"	" l’auteur oulipien "	"forme alternative"
"lauteuroulipien"	"L’Auteur oulipien"	"forme préférée"
"lautobiographiedepresquetoutlemonde"	"L’Autobiographie de presque tout le monde"	"forme préférée"
"lautrealceste"	"L’Autre Alceste"	"forme préférée"
"lavache"	"La Vache"	"forme préférée"
"lavantprojetdeclassificationdesstructuresdesromanspoliciers"	"L’Avant-projet de classification des structures des romans-policiers"	"forme préférée"
"lavie"	"La vie"	"forme alternative"
"laviemodedemploi"	"'La vie mode d''emploi'"	"forme alternative"
"laviemodedemploi"	"'La vie mode d''emploi'"	"forme alternative"
"laviemodedemploi"	"La Vie"	"forme alternative"
"laviemodedemploi"	"La vie : mode d’emploi"	"forme alternative"
"laviemodedemploi"	"La vie : mode d’emploi"	"forme alternative"
"laviemodedemploi"	"La Vie mode d'emploi"	"forme préférée"
"laviemodedemploi"	"La vie mode d’emploi"	"forme alternative"
"laviemodedemploi"	"La vie mode d’emploi"	"forme alternative"
"laviemodedemploi"	"La vie mode d’emploi"	"forme alternative"
"laviemodedemploi"	"Vie mode d’emploi"	"forme alternative"
"lavillanelle"	"La Villanelle"	"forme préférée"
"lavilleestunechiquier"	"La Ville est un échiquier"	"forme préférée"
"le11"	"Bibliothèque oulipienne (vol. 11)"	"forme préférée"
"le11"	"Le 11"	"forme alternative"
"lebilboquet"	"Le Bilboquet"	"forme préférée"
"lebonreve"	"Le Bon Rêve"	"forme préférée"
"lecarremagique"	"Le Carré magique"	"forme préférée"
"lecertamecoronario"	"Certame coronario"	"forme préférée"
"lecertamecoronario"	"Le certame coronario"	"forme alternative"
"lechantducryptobole"	"Le Chant du cryptobole"	"forme préférée"
"lechantdustyrene"	"Le Chant du styrène"	"forme préférée"
"lechantdustyrene"	"Styrène"	"forme alternative"
"lechateaudesdestinscroises"	"Le Château des destins croisés"	"forme préférée"
"lechateaudesdestinscroises"	"Le château des destins croisés"	"forme alternative"
"lechiffresept"	"Le Chiffre sept"	"forme préférée"
"lecinemalangueoulangage"	"Le Cinéma, langue ou langage ?"	"forme préférée"
"leclavierdeclavier"	"Le Clavier de clavier"	"forme préférée"
"leclipse"	"L’Éclipse"	"forme préférée"
"leclipse"	"L’éclipse"	"forme alternative"
"lecontedenoel"	"Le Conte de Noël"	"forme préférée"
"lecontedumouton"	"Le Conte du mouton"	"forme préférée"
"ledesirbiographique"	"Le Désir biographique"	"forme préférée"
"ledimanchedelavie"	"Dimanche de la vie"	"forme alternative"
"ledimanchedelavie"	"Le Dimanche de la vie"	"forme préférée"
"ledormeurduval"	"Le Dormeur du val"	"forme préférée"
"ledragonrouge"	"Le Dragon rouge"	"forme préférée"
"leducationsentimentale"	"L’Éducation sentimentale"	"forme préférée"
"leduellitteraire"	"Le Duel littéraire"	"forme préférée"
"lefigaro"	"Le Figaro"	"forme préférée"
"lefigaro"	"Le figaro"	"forme alternative"
"lefigarolitteraire"	"Figaro littéraire"	"forme préférée"
"lefigarolitteraire"	"Le figaro littéraire"	"forme alternative"
"lefilsderubylamarr"	"Le Fils de Ruby Lamarr"	"forme préférée"
"lefournel"	"Bibliothèque oulipienne (Fournel)"	"forme préférée"
"lefournel"	"Le Fournel"	"forme alternative"
"legalfrancais"	"L’Égal français "	"forme préférée"
"legalfrancais"	"L’égal français."	"forme alternative"
"legalfrancais"	"L’égal français."	"forme alternative"
"legendes"	"Légendes"	"forme préférée"
"legenrehumain"	"Le Genre humain"	"forme préférée"
"legraaldesfauxmonnayeurs"	"Le Graal des faux monnayeurs"	"forme préférée"
"legrandhorloger"	"Le Grand Horloger"	"forme préférée"
"lejeudebabel"	"Le Jeu de Babel"	"forme préférée"
"lejournaldunsuicide"	"Le Journal d’un suicidé"	"forme préférée"
"lejournalintimedelacousinettedemozart"	"Le Journal intime de la cousinette de Mozart"	"forme préférée"
"lejournaliste"	"Le Journaliste"	"forme préférée"
"lejournaliste"	"Le journaliste"	"forme alternative"
"lejusteretour"	"Le Juste Retour"	"forme préférée"
"lelac"	"Le Lac"	"forme préférée"
"lelangageetlesilence"	"Le Langage et le silence"	"forme préférée"
"lelionestmortcesoir"	"Le Lion est mort ce soir"	"forme préférée"
"lelivredesrecords"	"Le Livre des records"	"forme préférée"
"lemarcdecafe"	"Le Marc de café"	"forme préférée"
"lemasqueetlalumiere"	"Le Masque et la lumière"	"forme préférée"
"lemigre"	" l’émigré "	"forme alternative"
"lemigre"	"L’Émigré "	"forme préférée"
"leminotaure"	"Le Minotaure"	"forme préférée"
"lemonde"	"Le Monde"	"forme préférée"
"lemonde"	"Monde"	"forme alternative"
"lemondedelamusique"	"Le Monde de la musique"	"forme préférée"
"lemoniteurdelalitterature"	"Le Moniteur de la littérature"	"forme préférée"
"lemoniteurdelalitterature"	"Moniteur"	"forme alternative"
"lemoulindelasourdine"	"Le Moulin de la sourdine"	"forme préférée"
"lemploidutemps"	"L’Emploi du temps"	"forme préférée"
"lemystereenfleur"	"Le Mystère en fleur"	"forme préférée"
"lenaufragedustadeodradek"	"Le Naufrage du stade Odradek"	"forme préférée"
"lenchassement"	"L’Enchâssement"	"forme préférée"
"lendemains"	"Lendemains"	"forme préférée"
"lenfileurdeperles"	"L’Enfileur de perles"	"forme préférée"
"lenlevementdhortense"	"L’Enlèvement d’Hortense"	"forme préférée"
"lenumero12"	"Bibliothèque oulipienne (vol. 12)"	"forme préférée"
"lenumero12"	"Le numéro 12"	"forme alternative"
"lenumero13"	"Bibliothèque oulipienne (vol. 13)"	"forme préférée"
"lenumero13"	"Le 13"	"forme alternative"
"lenumero13"	"Le numéro 13"	"forme alternative"
"leonardo"	"Leonardo"	"forme préférée"
"lepalaisdescongres"	"Le Palais des congrès"	"forme préférée"
"lepanorama"	"Le Panorama"	"forme préférée"
"lepetitarchimede"	"Le Petit Archimède"	"forme préférée"
"lepetitarchimede"	"Petit archimède"	"forme alternative"
"lepoetealcoolique"	"Le Poète alcoolique"	"forme préférée"
"lepolichinelledacier"	"Le Polichinelle d’acier"	"forme préférée"
"leprisonnier"	"Le Prisonnier"	"forme préférée"
"lequidametlamort"	"Le Quidam et la mort"	"forme préférée"
"leroibafoue"	"Le roi bafoue"	"forme alternative"
"leroibafoue"	"Le Roi bafoué"	"forme préférée"
"leromancache"	"Le Roman caché"	"forme préférée"
"leroubaud"	"Bibliothèque oulipienne (Roubaud)"	"forme préférée"
"leroubaud"	"Le Roubaud"	"forme alternative"
"leroubaud"	"Roubaud"	"forme alternative"
"les36situationsdramatiques"	"Les 36 situations dramatiques"	"forme préférée"
"les50chosesquevousvoudriezfaireavantdemourir"	"Les 50 choses que vous voudriez faire avant de mourir"	"forme préférée"
"lesacrehymendubergerbrotheonetdelabelleflorinee"	"Le Sacré Hymen du berger Brothéon et de la belle Florinee"	"forme préférée"
"lesanimauxdetoutlemonde"	"Les Animaux de tout le monde"	"forme préférée"
"lesanimauxformulables"	"Les Animaux formulables"	"forme préférée"
"lesantiquitesderome"	"Antiquités"	"forme alternative"
"lesantiquitesderome"	"Les antiquites de Rome"	"forme alternative"
"lesantiquitesderome"	"Les Antiquités de Rome"	"forme préférée"
"lesavoirdesrois"	"Le Savoir des rois"	"forme préférée"
"lescentmillemilliardsdesonnets"	"Cent mille milliards de sonnets"	"forme préférée"
"lescentmillemilliardsdesonnets"	"Les cent mille milliards de sonnets"	"forme alternative"
"leschevaliersdelamoucheamiel"	"Les Chevaliers de la mouche à miel"	"forme préférée"
"lescontraintesduversclassique"	"Les Contraintes du vers classique"	"forme préférée"
"lescontraintesduverslibere"	"Les Contraintes du vers libéré"	"forme préférée"
"lescrampes"	"Les Crampes"	"forme préférée"
"lescreanciersdelechafaud"	"Les Créanciers de l’échafaud"	"forme préférée"
"lesdemoisellesda"	"Les Demoiselles d’A"	"forme préférée"
"lesdeuxmaitresses"	"Les deux maitresses"	"forme alternative"
"lesdeuxmaitresses"	"Les Deux Maîtresses"	"forme préférée"
"lesdjinns"	"Les Djinns"	"forme préférée"
"leselections"	"Les Élections"	"forme préférée"
"lesemeurdesens"	"Le Semeur de sens"	"forme préférée"
"lesensemblesflouslaressemblance"	"Les ensembles flous. La ressemblance."	"forme préférée"
"lesfleursbleues"	"Les Fleurs bleues"	"forme préférée"
"lesfondementsdelalitterature"	"Les Fondements de la littérature"	"forme préférée"
"lesformessimples"	"Les Formes simples"	"forme préférée"
"lesgrandscourants"	"Les Grands courants"	"forme préférée"
"lesgymnopodesoudelanuditedespieds"	"Les Gymnopodes ou de la nudité des pieds"	"forme préférée"
"leshommesdebonnevolonte"	"Les Hommes de bonne volonté"	"forme préférée"
"lesillettresdelanrf"	"Les Illettrés de la NRF"	"forme préférée"
"lesimmateriaux"	"Les Immatériaux"	"forme préférée"
"lesloisdelarticle"	"Les Lois de l’article"	"forme préférée"
"lesmanifestes"	"Les Manifestes"	"forme préférée"
"lesmartyrsdarezzo"	"Les Martyrs d’Arezzo"	"forme préférée"
"lesmatieresinfectes"	"Les Matières infectes"	"forme préférée"
"lesmoraleselementaires"	"Les morales elémentaires"	"forme alternative"
"lesmoraleselementaires"	"Morale elémentaire"	"forme alternative"
"lesmoraleselementaires"	"Morales élémentaires"	"forme préférée"
"lesmysteresdelamaisonabominable"	"Les Mystères de la maison abominable"	"forme préférée"
"lesophiste"	"Le Sophiste"	"forme préférée"
"lesophiste"	"Sophiste"	"forme alternative"
"lespetiteschosesquifontplaisir"	"Les Petites choses qui font plaisir"	"forme préférée"
"lespritcreateur"	"L’Esprit créateur"	"forme préférée"
"lesprodigesdelesprithumain"	"Les Prodiges de l’esprit humain"	"forme préférée"
"lesrolesmasculinsetfeminins"	"Les Rôles masculins et féminins"	"forme préférée"
"lesseptreglesdeperec"	"Les Sept Règles de Perec"	"forme préférée"
"lestechniquesdelapoesieclassique"	"Les Techniques de la poésie classique"	"forme préférée"
"lestechniquesdelapoesieclassique"	"Les techniques de la poésie classique"	"forme alternative"
"lestechniquesdelapoesieclassique"	"Techniques de la poésie classique"	"forme alternative"
"lestempsemmeles"	" les temps emmêlés "	"forme alternative"
"lestempsemmeles"	"Les Temps emmêlés "	"forme préférée"
"lestiroirsdelinconnu"	"Les Tiroirs de l'inconnu"	"forme préférée"
"lestontonsflingueurs"	"Les Tontons flingueurs"	"forme préférée"
"lestrophees"	"Les Trophées"	"forme préférée"
"lestrophees"	"Trophées"	"forme alternative"
"lestrousdusatiricon"	"Les Trous du Satiricon"	"forme préférée"
"lesvaudois"	"Les Vaudois"	"forme préférée"
"lesvillesinvisibles"	"Les Villes invisibles"	"forme préférée"
"lesyeuxdelamour"	"Les Yeux de l’amour"	"forme préférée"
"lesymetriquedulcerations"	"Le Symétrique d’Ulcérations"	"forme préférée"
"lesziaux"	"Les Ziaux"	"forme préférée"
"letartuffe"	"Le Tartuffe"	"forme préférée"
"letestservi"	"Le T est servi"	"forme préférée"
"letintamarre"	"Le Tintamarre"	"forme préférée"
"letoitdelamisere"	"Le Toit de la misère"	"forme préférée"
"letraintraverselanuit"	"Le train traverse la nuit"	"forme alternative"
"letraintraverselanuit"	"Un train traverse la nuit"	"forme préférée"
"letranger"	"L’etranger"	"forme alternative"
"letranger"	"L’etranger"	"forme alternative"
"letranger"	"L’Étranger"	"forme préférée"
"letrangevoluptedelamathematiquelitteraire"	"L’Étrange volupté de la mathématique littéraire"	"forme préférée"
"letresuperieur"	"L’Être supérieur"	"forme préférée"
"lettresnouvelles"	"Les Lettres nouvelles"	"forme préférée"
"lettresnouvelles"	"Lettres nouvelles"	"forme alternative"
"leverderideau"	"Lever de rideau"	"forme préférée"
"leviergelevivace"	"Le Vierge, le vivace"	"forme préférée"
"levolume1"	"Le volume 1"	"forme préférée"
"lexpress"	"L’express"	"forme alternative"
"lhistoirecommenceasumer"	"L’Histoire commence à Sumer"	"forme préférée"
"lhistoiredelafolie"	"L’Histoire de la folie"	"forme préférée"
"lhistoiredelalanguefrancaise"	"L’Histoire de la langue française"	"forme préférée"
"lhistoirerevisitee"	"L’Histoire revisitée"	"forme préférée"
"lhistoireuniverselle"	"L’Histoire universelle"	"forme préférée"
"lhoteldesens"	"Hotel de sens"	"forme alternative"
"lhoteldesens"	"L’Hôtel de Sens"	"forme préférée"
"liberation"	"Libération"	"forme préférée"
"licosatheque"	"L’Icosathèque"	"forme préférée"
"lieuxdits"	"Lieux-dits"	"forme préférée"
"lileduptyx"	"L’ile du ptyx"	"forme alternative"
"lileduptyx"	"L’Île du Ptyx"	"forme préférée"
"liledureveil"	"L’Île du réveil"	"forme préférée"
"lillusioncomique"	"Illusion comique"	"forme alternative"
"lillusioncomique"	"L’Illusion comique"	"forme préférée"
"limitationdesoichezcorneille"	"L’Imitation de soi Chez corneille"	"forme préférée"
"limon"	"Limon"	"forme préférée"
"linfini"	"L’Infini"	"forme préférée"
"linguistiquefonctionnelle"	"Linguistique fonctionnelle …"	"forme préférée"
"linventiondemorel"	"L’Invention de Morel"	"forme préférée"
"lipogrammedutrijumeau"	"Lipogramme du trijumeau"	"forme préférée"
"litaniedelavierge"	"Litanie de la vierge"	"forme préférée"
"litterature"	"Littérature"	"forme préférée"
"litteratureetmathematiques"	"Littérature et mathématiques"	"forme préférée"
"litteraturepotentiellekitoudouble"	"Littérature. Potentielle. : kit ou double"	"forme préférée"
"littre"	"Littré"	"forme préférée"
"livredecuisine"	"Livre de cuisine"	"forme préférée"
"locussolus"	"Locus solus"	"forme préférée"
"lodysee"	"L’odysée"	"forme alternative"
"lonagreorange"	"L’Onagre orangé"	"forme préférée"
"lorthonymie"	"L’Orthonymie"	"forme préférée"
"loulipiendemasque"	"L’Oulipien démasqué"	"forme préférée"
"loulipiendemasque"	"L’oulipien démasqué"	"forme alternative"
"loulipoetlaville"	"L’Oulipo et la ville"	"forme préférée"
"loulipoetlaville"	"L’Oulipo et la ville."	"forme alternative"
"loulipotureducercle"	"L’Oulipoture du cercle"	"forme préférée"
"louvebasse"	"Louve basse"	"forme préférée"
"luniversodespoemipossibili"	"L’Universo des poemi possibili"	"forme préférée"
"lysoustoussesformes"	"L’y sous tous ses formes"	"forme préférée"
"maboheme"	"Ma bohème"	"forme préférée"
"mabouliteholorimeuse"	"Maboulite holorimeuse"	"forme préférée"
"machinationsformellessurloulipo"	"Machinations formelles : sur l’oulipo"	"forme préférée"
"magazinelitteraire"	"Magazine littéraire"	"forme préférée"
"maledicta"	"Maledicta"	"forme préférée"
"manifestedelartpermutationnel"	"Manifeste de l’art permutationnel"	"forme préférée"
"manipulations"	"Manipulations"	"forme préférée"
"manufacture"	"La Manufacture"	"forme préférée"
"manufacture"	"Manufacture"	"forme alternative"
"manufacture"	"Manufacture"	"forme alternative"
"marelle"	"Marelle"	"forme préférée"
"masquedesorateurs"	"Le Masque des orateurs"	"forme préférée"
"masquedesorateurs"	"Masque des orateurs"	"forme alternative"
"mathematiquesdebasepourlinguistes"	"Mathématiques de base pour linguistes"	"forme préférée"
"mathematiqueselementaires"	"Mathématiques elémentaires"	"forme alternative"
"mathematiqueselementaires"	"Traité de mathématiques (élémentaires)"	"forme préférée"
"mathematiquesetscienceshumaines"	"Mathématiques et sciences humaines"	"forme préférée"
"matin"	"Le Matin"	"forme préférée"
"matin"	"Matin"	"forme alternative"
"matricemaitresse"	"Matrice maîtresse"	"forme préférée"
"maximes"	"Maximes"	"forme alternative"
"maximes"	"Maximes de Chamfort"	"forme préférée"
"me"	"M. E"	"forme alternative"
"me"	"Me"	"forme alternative"
"me"	"Morale élémentaire"	"forme préférée"
"mecriteelementaire"	"Mécrite élémentaire"	"forme préférée"
"mecriteelementaire"	"Mécrite élémentaire"	"forme alternative"
"medeeletrangere"	"Médée l’étrangère"	"forme préférée"
"meinkampf"	"Mein Kampf"	"forme préférée"
"melanges"	"Mélanges"	"forme alternative"
"melanges"	"Mélanges du Baron Mollet"	"forme préférée"
"memoires"	"Mémoires"	"forme préférée"
"meshyperbibliotheques"	"Mes hyperbibliothèques"	"forme préférée"
"meshypertropes"	"Hypertropes"	"forme alternative"
"meshypertropes"	"Mes hypertropes"	"forme préférée"
"meshypertropes"	"Mes hypertropes"	"forme alternative"
"meshypertropes"	"Mes hypertropes"	"forme alternative"
"meshypertropes"	"Mes hypertrophes"	"forme alternative"
"messagesetsignaux"	"Messages et signaux"	"forme préférée"
"metaux"	"Métaux"	"forme préférée"
"metrologielarelationpsin1"	"Métrologie la relation ∏/sin1"	"forme préférée"
"meurtresalamiable"	"Meurtres à l’amiable"	"forme préférée"
"milleetunenuit"	"Les Mille et une nuits"	"forme préférée"
"milleetunenuit"	"Mille et une nuit"	"forme alternative"
"milleetunenuit"	"Mille et une nuits"	"forme alternative"
"minidramatiquea8pistes"	"Mini-dramatique à 8 pistes"	"forme préférée"
"misterioso"	"Misterioso"	"forme préférée"
"mobile"	"Mobile"	"forme préférée"
"mobydick"	"Moby Dick"	"forme préférée"
"modelesdephrasesmodelesdelettresdamour"	"Modèles de phrases. Modèles de lettres d’amour"	"forme préférée"
"modelesoulipiens"	"Modèles oulipiens"	"forme préférée"
"monbeauneon"	"Mon beau neon"	"forme alternative"
"monbeauneon"	"Mon beau néon"	"forme préférée"
"moraleelementaire"	"Morale élémentaire"	"forme alternative"
"moraleelementaire"	"Morale élémentaire"	"forme alternative"
"moraleelementaire"	"Morale élémentaire"	"forme alternative"
"motscouverts"	"A mots couverts"	"forme préférée"
"motscouverts"	"Mots couverts"	"forme alternative"
"motscroisespalindromiques"	"Mots croisés palindromiques"	"forme préférée"
"n01informatique"	"01 informatique"	"forme alternative"
"n01informatique"	"Revue 01 informatique"	"forme préférée"
"n107ames"	"107 âmes"	"forme préférée"
"n14"	"Bibliothèque oulipienne (vol. 14, J. Duchâteau)"	"forme préférée"
"n14"	"N°14"	"forme alternative"
"n14benabou"	"14 : bénabou"	"forme alternative"
"n14benabou"	"Bibliothèque oulipienne (vol. 14, Benabou)"	"forme préférée"
"n15bergeetroubaud"	"15 : berge et roubaud"	"forme alternative"
"n15bergeetroubaud"	"Bibliothèque oulipienne (vol. 15, Berge et Roubaud)"	"forme préférée"
"n15lesamoursdanslharmoniedespassions"	"Bibliothèque oulipienne (vol. 15)"	"forme préférée"
"n15lesamoursdanslharmoniedespassions"	"N°15 les amours dans l’harmonie des passions"	"forme alternative"
"n16"	"Bibliothèque oulipienne (vol. 16)"	"forme préférée"
"n16"	"N°16"	"forme alternative"
"n18braffort"	"18 braffort"	"forme alternative"
"n18braffort"	"Bibliothèque oulipienne (vol. 18, Braffort)"	"forme préférée"
"n19perec"	"19 perec"	"forme alternative"
"n19perec"	"Bibliothèque oulipienne (vol. 19, Perec)"	"forme préférée"
"n1today"	"1 today"	"forme préférée"
"n20calvino"	"20 (calvino)"	"forme alternative"
"n20calvino"	"Bibliothèque oulipienne (vol. 20, Calvino)"	"forme préférée"
"n20esieclelaproblematiquedudiscours"	"20e siècle la problématique du discours"	"forme alternative"
"n20esieclelaproblematiquedudiscours"	"20e siècle, la problématique du discours"	"forme préférée"
"n23routedelareine"	"« 23 route de la reine »"	"forme préférée"
"n23routedelareine"	"23 route de la reine"	"forme alternative"
"n243cartespostales"	"243 cartes postales"	"forme préférée"
"n334"	334	"forme préférée"
"n3emanifeste"	"3e manifeste"	"forme alternative"
"n3esecteur"	"3è secteur"	"forme alternative"
"n3esecteur"	"Troisième secteur"	"forme préférée"
"n3evolume"	"Oulipo (« vol. 3 de l’Oulipo »)"	"forme alternative"
"n3evolume"	"Oulipo, volume 3 (le « Guide »)"	"forme préférée"
"n3evolume"	"Vol. 3"	"forme alternative"
"n3evolume"	"Vol. 3"	"forme alternative"
"n3evolume"	"Volume 3"	"forme alternative"
"n50poemesoligogrammes"	"50 poèmes oligogrammes"	"forme préférée"
"n53jours"	"« 53 jours »"	"forme préférée"
"n53jours"	"53 jours"	"forme alternative"
"n7typesdambiguite"	"7 types d’ambiguïté"	"forme alternative"
"n7typesdambiguite"	"Sept types d’ambiguïté"	"forme préférée"
"n8septcouleurs"	"8 sept couleurs"	"forme alternative"
"n8septcouleurs"	"Les Sept Couleurs"	"forme préférée"
"n99exercicesoulipiensenanglais"	"99 exercices oulipiens en anglais"	"forme alternative"
"n99exercicesoulipiensenanglais"	"Quatre-vingt-dix-neuf exercices oulipiens en anglais"	"forme préférée"
"naitre"	"Naître"	"forme préférée"
"narrationparicosaedre"	"Narration par icosaèdre"	"forme préférée"
"navf"	"Navf"	"forme préférée"
"nbj"	"Nbj"	"forme alternative"
"nbj"	"Nouvelle barre du Jour"	"forme préférée"
"nichanian"	"Nichanian"	"forme préférée"
"nombresremarquables"	"Les Nombres remarquables"	"forme préférée"
"nombresremarquables"	"Nombres remarquables"	"forme alternative"
"Nouvelle"	"La Bande à coco"	"forme préférée"
"nouvellebarredujour"	"La nouvelle barre du jour"	"forme préférée"
"nouvellebarredujour"	"Nouvelle barre du jour"	"forme alternative"
"nouvellesavotrefacon"	"Nouvelle à votre façon"	"forme préférée"
"nouvelleslitteraires"	"Les Nouvelles littéraires"	"forme alternative"
"nouvelleslitteraires"	"Nouvelle littéraire"	"forme alternative"
"nouvelleslitteraires"	"Nouvelles littéraires"	"forme préférée"
"nouvelleslitteraires"	"Nouvelles littéraires"	"forme alternative"
"nouvelleslitteraires"	"Petites nouvelles littéraires"	"forme alternative"
"nouvelobservateur"	"Le Nouvel Observateur"	"forme préférée"
"nouvelobservateur"	"Nouvel observateur"	"forme alternative"
"nrf"	"Nrf"	"forme préférée"
"numero32"	"Bibliothèque oulipienne (vol. 32, Queval)"	"forme préférée"
"numero32"	"Numéro 32"	"forme alternative"
"o_"	"O"	"forme préférée"
"obligationdunonobligatoire"	"Obligation du non obligatoire"	"forme préférée"
"occupetoidhomelies"	"Occupe-toi d’homélie"	"forme préférée"
"occupetoidhomelies"	"Occupe-toi d’homélies"	"forme alternative"
"odditiesanscuriosities"	"Oddities ans curiosities"	"forme préférée"
"odile"	"Odile"	"forme préférée"
"odradek"	"Odradek"	"forme préférée"
"odyssee"	"L’Odyssée"	"forme préférée"
"odyssee"	"Odyssée"	"forme alternative"
"oeuvrescompletes"	"Oeuvres complètes"	"forme alternative"
"oeuvrescompletes"	"Œuvres complètes de Queneau"	"forme préférée"
"ommagealiebig"	"Ommage à Liebig"	"forme préférée"
"ondine"	"Ondine"	"forme préférée"
"operationtartine"	"Opération tartine"	"forme alternative"
"oraisonsfunebres"	"Oraisons funèbres"	"forme préférée"
"orbor"	"Or bor"	"forme préférée"
"ordinateur"	"Ordinateur"	"forme préférée"
"ordinateuretecrivain"	"Ordinateur et écrivain"	"forme préférée"
"oulipo"	"Oulipo"	"forme préférée"
"oulipo"	"Oulipo"	"forme alternative"
"oulipo1"	"La Littérature potentielle (Oulipo volume 1)"	"forme préférée"
"oulipo1"	"Lipo"	"forme alternative"
"oulipo1"	"Lp"	"forme alternative"
"oulipo1"	"Oulipo 1"	"forme alternative"
"oulipo1"	"Oulipo 1"	"forme alternative"
"oulipo1"	"Oulipo i"	"forme alternative"
"oulipo1"	"Oulipo l"	"forme alternative"
"oulipo1"	"Vol.1"	"forme alternative"
"oulipo1"	"Volume 1"	"forme alternative"
"oulipo1"	"Volume 1 de l’oulipo"	"forme alternative"
"oulipo1"	"Volume i des éditions oulipiennes"	"forme alternative"
"oulipo1"	"Volume oulipo 1"	"forme alternative"
"oulipo2"	"2e volume"	"forme alternative"
"oulipo2"	"Atlas de Littérature potentielle (« vol. 2 de l’Oulipo »)"	"forme préférée"
"oulipo2"	"Le volume 2"	"forme alternative"
"oulipo2"	"Oulipo 2"	"forme alternative"
"oulipo2"	"Oulipo 2"	"forme alternative"
"oulipo2"	"Oulipo 2"	"forme alternative"
"oulipo2"	"Oulipo ii"	"forme alternative"
"oulipo2"	"Second volume"	"forme alternative"
"oulipo2"	"Second volume oulipo"	"forme alternative"
"oulipo2"	"Vol 2"	"forme alternative"
"oulipo2"	"Vol ii"	"forme alternative"
"oulipo2"	"Vol oulipo 2"	"forme alternative"
"oulipo2"	"Vol. 2"	"forme alternative"
"oulipo2"	"Vol. Ii"	"forme alternative"
"oulipo2"	"Volume 2"	"forme alternative"
"oulipo2"	"Volume 2"	"forme alternative"
"oulipo2"	"Volume 2 de l’oulipo"	"forme alternative"
"oulipo2"	"Volume ii"	"forme alternative"
"oulipo2"	"Volume oulipo"	"forme alternative"
"oulipoetordinateurs"	"Oulipo et ordinateurs"	"forme préférée"
"oulipoetpedagogique"	"Oulipo et pédagogique"	"forme préférée"
"oulipoettheatre"	"Oulipo et théâtre"	"forme préférée"
"oulipojava"	"Oulipo-java"	"forme préférée"
"oulipopedago"	"Oulipo-pédago"	"forme préférée"
"oulipopedago"	"Oulipo-pédago"	"forme alternative"
"ouliposmechanicalmeasures"	"Oulipo’s mechanical measures"	"forme préférée"
"oulipotages"	"Oulipotages"	"forme préférée"
"ouvredaugustetomexii"	"Œuvre d’Auguste Comte"	"forme préférée"
"ouvredaugustetomexii"	"Œuvre d’auguste tome xii"	"forme alternative"
"ouvrescompletes"	"Œuvres complètes"	"forme préférée"
"ouvrescompletes"	"Œuvres complètes"	"forme alternative"
"ouvroirdelitteratureexperimentale"	"Ouvroir de littérature expérimentale"	"forme préférée"
"overseastimetable"	"Overseas timetable"	"forme préférée"
"oxfordguidetowordgames"	"Oxford Guide to word games"	"forme préférée"
"palindromesandanagrams"	"Palindromes and anagrams"	"forme préférée"
"palindromesphonetiques"	"Palindromes phonétiques"	"forme préférée"
"papapaspapa"	"Papa, pas papa"	"forme préférée"
"papepipopu"	"Papepipopu"	"forme préférée"
"parisjour"	"Paris-Jour"	"forme préférée"
"parmilesnoirs"	"Parmi les noirs"	"forme préférée"
"pastilledaries"	" pastille d’ariès "	"forme alternative"
"pastilledaries"	"Pastille d’Ariès"	"forme préférée"
"pastillesdacier"	"Pastilles d’acier"	"forme préférée"
"penseeartificielleetpenseevecue"	"Pensée artificielle et pensée vécue"	"forme préférée"
"pensees"	"Pensées"	"forme préférée"
"perecaujourdhui"	"Perecaujourd’hui"	"forme préférée"
"perecetlajudeite"	"Perec et la judéité"	"forme préférée"
"peregoriot"	"Le Père Goriot"	"forme préférée"
"peregoriot"	"Père Goriot"	"forme alternative"
"perenoel"	"Père Noël"	"forme préférée"
"perverbes"	"Perverbes"	"forme préférée"
"perverbes"	"Perverbes i"	"forme alternative"
"perverbes"	"Perverbes ii"	"forme alternative"
"petitabecedaire"	"Petit abécédaire"	"forme préférée"
"petitcasablancais"	"Petit casablancais"	"forme préférée"
"petitebibliothequeoulipienne"	"Petite bibliothèque oulipienne"	"forme préférée"
"petitecosmogonie"	"Petite cosmogonie"	"forme alternative"
"petitecosmogonieportative"	"Petite cosmogonie"	"forme alternative"
"petitecosmogonieportative"	"Petite cosmogonie portative"	"forme préférée"
"petitefabriquedelitterature"	"Petite fabrique de littérature"	"forme préférée"
"petitesprophetiespopulaires"	"Petites prophéties populaires"	"forme préférée"
"petitglossaireamoureuxportable"	"Petit glossaire amoureux portable"	"forme préférée"
"petitlarousse"	"Petit larousse"	"forme préférée"
"petitlarousseillustre"	"Petit larousse illustré"	"forme préférée"
"peutetre"	"Peut-être"	"forme préférée"
"phedre"	"Phèdre"	"forme préférée"
"pierouge"	"Pie rouge"	"forme préférée"
"pierrotmonami"	"Pierrot mon ami ?"	"forme préférée"
"pilote"	"Pilote"	"forme préférée"
"plainchant"	"Plain-chant"	"forme préférée"
"plauert"	"Plauert"	"forme préférée"
"pleaidequeneau"	"Pléaide Queneau"	"forme préférée"
"poemeauneseulelettre"	"Poème à une seule lettre"	"forme préférée"
"poemesalgol"	"Poèmes Algol"	"forme préférée"
"poemesbooleens"	"Poèmes booléens"	"forme préférée"
"poemescorpusculaires"	"50 poèmes corpusculaires"	"forme alternative"
"poemescorpusculaires"	"Poèmes corpusculaires"	"forme préférée"
"poesieexperimentalepoetiqueetartpermutationnels"	"Poésie expérimentale, poétique et art permutationnels"	"forme préférée"
"poesievisuelle"	"Poésie visuelle"	"forme préférée"
"poetesbaroquesallemands"	"Poètes baroques allemands"	"forme préférée"
"poetesoufaiseurs"	"Poètes ou faiseurs"	"forme préférée"
"poetique"	"Poétique"	"forme préférée"
"poetiquecurieuse"	"Poétique curieuse"	"forme préférée"
"poetiquesetmathematiques"	"Poétiques et mathématiques"	"forme préférée"
"pointdedepart"	"Point de départ"	"forme préférée"
"pointdujour"	"Point du jour"	"forme préférée"
"pointdujour"	"Point du jour"	"forme alternative"
"poissonsoluble"	"Poisson soluble"	"forme préférée"
"posieno28"	"Po&sie no.28"	"forme préférée"
"pourenfiniraveclehasard"	"Pour en finir avec le hasard"	"forme préférée"
"pourenfiniraveclehasard"	"Pour en finir avec le hasard"	"forme alternative"
"pourlascience"	"Pour la science"	"forme préférée"
"pourlireadeux"	"Pour lire à deux"	"forme préférée"
"pourphoebe"	"Pour Phoebe"	"forme préférée"
"pourphoebe"	"Pour phoebé"	"forme alternative"
"pourqueneau"	"Pour queneau"	"forme alternative"
"pourquoijenaiecrit"	"Pourquoi"	"forme alternative"
"pourquoijenaiecrit"	"Pourquoi je n’ai écrit aucun de mes livres"	"forme alternative"
"pourquoijenaiecrit"	"Pourquoi je n’ai écrit…"	"forme préférée"
"pourraymondqueneau"	"Pour queneau"	"forme alternative"
"pourraymondqueneau"	"Pour Raymond Queneau"	"forme préférée"
"pourraymondqueneau"	"Pour rq"	"forme alternative"
"pourrq"	"Pour rq"	"forme alternative"
"pourunartpermutationnel"	"Pour un art permutationnel"	"forme préférée"
"pouruneapprocheverticaledelalitterature"	"Pour une approche verticale de la littérature"	"forme préférée"
"pourunesciencedelapoesie"	"Pour une science de la poésie"	"forme préférée"
"pourunesemiologiedelesquimau"	"Pour une sémiologie de l’esquimau"	"forme préférée"
"poussepousse"	"Pousse-pousse"	"forme préférée"
"pratiques"	"Pratiques"	"forme préférée"
"precieuses"	"Précieuses"	"forme préférée"
"predictionspourlanmcmxlix"	"Prédictions pour l’an MCMXLIX"	"forme préférée"
"princessehoppy"	"Hoppy"	"forme alternative"
"princessehoppy"	"Hoppy 2"	"forme alternative"
"princessehoppy"	"La princesse Hoppy"	"forme préférée"
"princessehoppy"	"Princesse hoppy"	"forme alternative"
"problemedulangage"	"Problème du langage"	"forme préférée"
"professiondefoi"	"Profession de foi"	"forme préférée"
"progresenamouraceylan"	"Progrès en amour à Ceylan"	"forme préférée"
"projetdelementsdestatuts"	"Projet d’éléments de statuts"	"forme préférée"
"prose"	"Prose"	"forme préférée"
"prosodicresonances"	"Prosodic resonances"	"forme préférée"
"prosodiedupavage"	"Prosodie du pavage"	"forme préférée"
"queenvictoria"	"Queen Victoria"	"forme préférée"
"queneau"	"Queneau"	"forme préférée"
"queneaudechiffre"	"Queneau déchiffré"	"forme préférée"
"queneauetlecinema"	"Queneau et le cinéma"	"forme préférée"
"queneauetloulipo"	"Queneau et l'Oulipo"	"forme préférée"
"quesaisje"	"Que sais-je"	"forme alternative"
"quesaisje"	"Que sais-je ?"	"forme préférée"
"quevlove"	"Que vlove"	"forme préférée"
"quisuisje"	"Qui suis-je?"	"forme préférée"
"rainbow"	"Rainbow"	"forme préférée"
"recherchedungenre"	"Recherche d’un genre"	"forme préférée"
"recherchessemiologiques"	" recherches sémiologiques"	"forme alternative"
"recherchessemiologiques"	"Recherches sémiologiques"	"forme préférée"
"recreationslitteralesetmysterieuses"	"Recréations littérales et mystérieuses"	"forme préférée"
"reforme"	"Réforme"	"forme préférée"
"reponseagenette"	"Réponse à Genette"	"forme préférée"
"reponsedesconsonnesquinontpaslhonneurdetredanslenomdeneufsaintgermain"	"Réponse des consonnes qui n’ont pas l’honneur d’être dans le nom de neuf-saint-germain."	"forme préférée"
"revenantes"	"Revenantes"	"forme alternative"
"revenantes"	"Revenente"	"forme alternative"
"revenantes"	"Revenentes"	"forme préférée"
"reviewofcontemporaryfiction"	"Review of contemporary fiction"	"forme préférée"
"reviewofcontemporaryfiction"	"Review of contemporary fiction"	"forme alternative"
"revuedesetudesromanes"	"La Revue des Etudes romanes"	"forme préférée"
"revuedesetudesromanes"	"Revue des etudes romanes"	"forme alternative"
"revueducollege"	"Revue collège"	"forme alternative"
"revueducollege"	"Revue du collège"	"forme alternative"
"revueducollege"	"Revue du collège de Pataphysique"	"forme préférée"
"revueduxxesiecle"	"Revue du XXe siècle"	"forme préférée"
"revueparlee"	"Revue parlée"	"forme préférée"
"rhinozeros"	"Rhinozeros"	"forme préférée"
"rides"	"Rides"	"forme préférée"
"rimeperlocchi"	"Rime per l’occhi"	"forme préférée"
"rimesenbabebibobu"	"Rimes en ba be bi bo bu"	"forme préférée"
"rlullasaliteraryfigure"	"R. Lull as a literary figure"	"forme préférée"
"romanatroishistoires"	"Roman à trois histoires"	"forme préférée"
"romandalexandre"	"Roman d’Alexandre"	"forme préférée"
"romandesquatre"	"Roman des quatre"	"forme préférée"
"romillats"	"Romillats"	"forme préférée"
"rossignol"	"Rossignol"	"forme préférée"
"s7parluimeme"	"S+7 par lui-même"	"forme préférée"
"safetyinnumbers"	"Safety in numbers"	"forme préférée"
"sagadonufrius"	"Saga d’Onufrius"	"forme préférée"
"saisonenenfer"	"Saison en enfer"	"forme alternative"
"saisonenenfer"	"Une saison en enfer"	"forme préférée"
"saladededepartements"	"Salade de départements"	"forme préférée"
"sanantonienne"	"San antonienne"	"forme préférée"
"sanantonio"	"San Antonio"	"forme préférée"
"sanctuaire"	"Sanctuaire"	"forme préférée"
"schreibheft"	"Schreibheft"	"forme préférée"
"schtroumpfs"	"Schtroumpfs"	"forme préférée"
"science"	"Science"	"forme préférée"
"scienceamerica"	"Science America"	"forme préférée"
"scienceetlitterature"	"Science et littérature"	"forme préférée"
"scienceetvie"	"Science et vie"	"forme préférée"
"scienceetvie"	"Science et vie"	"forme alternative"
"scientificamerican"	"Scientific American"	"forme préférée"
"scientificamerican"	"Scientific american"	"forme alternative"
"secondeslitaniesdelavierge"	"Secondes Litanies de la vierge"	"forme préférée"
"secondsonnetprivilegiedeloulipo"	"Second sonnet privilégié de l’Oulipo"	"forme préférée"
"selair"	"Selair"	"forme préférée"
"selecteddeclarationsofdependence"	"Selected declarations of dependence"	"forme préférée"
"selecteddeclarationsofdependence"	"Selected declarations of dependence"	"forme alternative"
"selectedworksofajarry"	"Selected works of a. Jarry"	"forme alternative"
"selectedworksofajarry"	"Selected works of Alfred Jarry"	"forme préférée"
"semaineespagnole"	"Semaine espagnole"	"forme préférée"
"septtransformationsgenetiques"	"Sept transformations génétiques"	"forme préférée"
"sequence"	"Séquence"	"forme préférée"
"serienoire"	"Série noire"	"forme préférée"
"seriesetaidememoire"	"Séries et aide mémoire"	"forme préférée"
"silamour"	"Si l’amour"	"forme préférée"
"sillabario"	"Sillabario"	"forme préférée"
"singedebeaute"	"Singe de beauté"	"forme préférée"
"singularites"	"Singularités"	"forme préférée"
"siunenuitdhiverunvoyageur"	"Si par une nuit d’hiver"	"forme alternative"
"siunenuitdhiverunvoyageur"	"Si une nuit d’hiver un voyageur"	"forme préférée"
"siunenuitdhiverunvoyageur"	"Voyageur"	"forme alternative"
"songedathalie"	"Le Songe d’Athalie"	"forme préférée"
"songedathalie"	"Songe d’athalie"	"forme alternative"
"sonnetdarvers"	"Sonnet d’Arvers"	"forme préférée"
"sonnetdesinfinitifs"	"Sonnet des infinitifs"	"forme préférée"
"sonnetrealiseavecunnombrevariabledalexandrinsdelongueursvariables"	"Sonnet réalisé avec un nombre variable d’alexandrins de longueurs variables"	"forme préférée"
"sonnets"	"Sonnets"	"forme préférée"
"sonnetsettotems"	"Sonnets et totems"	"forme préférée"
"sonnetsurlesversdesautres"	"Sonnet sur les vers des autres"	"forme préférée"
"sonnetteasornettes"	"Sonnette à sornettes"	"forme préférée"
"souslesoleiljaguar"	"Sous le soleil, jaguar"	"forme préférée"
"sparte"	"Sparte"	"forme préférée"
"splendeurs"	"Splendeur"	"forme alternative"
"splendeurs"	"Splendeurs"	"forme alternative"
"splendeurs"	"Splendeurs et misères des courtisanes"	"forme préférée"
"stationsanagrammes"	"Stations anagrammes"	"forme préférée"
"subsidia"	"Subsidia"	"forme alternative"
"subsidiapataphysica"	"Subsidia"	"forme alternative"
"subsidiapataphysica"	"Subsidia pataphysica"	"forme préférée"
"subsidiapataphysica"	"Subsidia pataphysica"	"forme alternative"
"suite"	"Suite"	"forme préférée"
"suiteamericaine"	"Suite américaine"	"forme préférée"
"supplementaujournaldejulesrenard"	"Supplément au Journal de Jules Renard"	"forme préférée"
"sureau"	"Sureau"	"forme préférée"
"surleshistoiresatiroirs"	"Sur les histoires à tiroirs"	"forme préférée"
"sylvie"	"Sylvie"	"forme préférée"
"sz"	"S/Z"	"forme préférée"
"tabledemendelieiv"	"Table de Mendelieiv"	"forme préférée"
"tabledequeneleieff"	"Classification de « queneleiev »."	"forme alternative"
"tabledequeneleieff"	"Classification de Queneleiev"	"forme alternative"
"tabledequeneleieff"	"Table"	"forme alternative"
"tabledequeneleieff"	"Table de Queneau"	"forme alternative"
"tabledequeneleieff"	"Table de queneleieff"	"forme alternative"
"tabledequeneleieff"	"Table de Queneleiev"	"forme préférée"
"tabledequeneleieff"	"Tableau"	"forme alternative"
"tabledequeneleieff"	"Tables de queneieff"	"forme alternative"
"tabledequeneleieff"	"Tables de queneleieff"	"forme alternative"
"tabledequeneleieff"	"Tabula queniana"	"forme alternative"
"tabledequeneleiev"	"Table de queneleiev"	"forme alternative"
"tabledequeneleiev"	"Table de queneleiev"	"forme alternative"
"tabledequeneleiev"	"Table de queneleiev"	"forme alternative"
"tablederoubaud"	"Table de Roubaud"	"forme préférée"
"tabledesrapportsphonetiques"	"Table des rapports phonétiques"	"forme préférée"
"tablesdequeneleieff"	"Tables de queneleieff"	"forme alternative"
"tapisseries"	"Tapisseries"	"forme préférée"
"tarzan"	"Tarzan"	"forme préférée"
"techniqueduroman"	"Technique du roman"	"forme préférée"
"techniquesavancees"	"Techniques avancées"	"forme préférée"
"telephoneconfidential"	"Telephone confidential"	"forme préférée"
"telquel"	"Tel quel"	"forme préférée"
"telquenluimeme"	"Tel qu’en lui-même"	"forme préférée"
"tempsmeles"	"Temps meles"	"forme alternative"
"tempsmeles"	"Temps mêlés"	"forme préférée"
"tempsmeles"	"Temps mêlés"	"forme alternative"
"tenmillionphotoplayplots"	"Ten million photoplay plots"	"forme préférée"
"texteena"	"Texte en a"	"forme préférée"
"texticule"	"Texticule"	"forme préférée"
"theembedding"	"The Embedding"	"forme préférée"
"theharrymathewsnumber"	"The Harry Mathews number"	"forme préférée"
"theinfantsgrammar"	"Infant’s grammar"	"forme alternative"
"theinfantsgrammar"	"The Infant’s Grammar"	"forme préférée"
"themakingofamericans"	"The Making of Americans"	"forme préférée"
"theoriedescouleurs"	"Théorie des couleurs"	"forme préférée"
"theoriedesjeuxdesprits"	"Théorie des jeux d’esprits"	"forme préférée"
"therhymeofreasonliteratureandmathematicsanightatlasvegasheisenbergmallarmeduchamp"	"The Rhyme of Reason : literature and mathematics, a night at las vegas : heisenberg, mallarmé, duchamp"	"forme alternative"
"therhymeofreasonliteratureandmathematicsanightatlasvegasheisenbergmallarmeduchamp"	"The Rhyme of Reason (titre abr.)"	"forme préférée"
"thespectator"	"The Spectator"	"forme préférée"
"thespectator"	"The spectator"	"forme alternative"
"theupsidedowns"	"The Upside downs"	"forme préférée"
"time"	"Time"	"forme préférée"
"timeliterarysupplement"	"Time Literary Supplément"	"forme préférée"
"timemagazine"	"Time magazine"	"forme préférée"
"times"	"Times"	"forme préférée"
"tintin"	"Tintin"	"forme préférée"
"tireuralaligne"	"Tireur à la ligne"	"forme préférée"
"titeetberenice"	"Tite et Bérénice"	"forme préférée"
"topologieetsignification"	"Topologie et signification"	"forme préférée"
"tragedieclassique"	"Tragédie classique"	"forme préférée"
"traitedelitteraturepotentielle"	"Traité de littérature potentielle"	"forme préférée"
"traitedeschiffres"	"Traité des chiffres"	"forme préférée"
"traitedestautogrammes"	"Traité des tautogrammes"	"forme préférée"
"traverses"	"Traverses"	"forme préférée"
"tresordelalanguefrancaise"	"Trésor de la langue française"	"forme préférée"
"triader"	"Triade"	"forme préférée"
"triader"	"Triader"	"forme alternative"
"trialimpressions"	"Trial impressions"	"forme préférée"
"tribu"	"Tribu"	"forme préférée"
"tristesse"	"Tristesse"	"forme préférée"
"troisiememanifeste"	"3e manifeste"	"forme alternative"
"troisiememanifeste"	"IIIe manifeste"	"forme alternative"
"troisiememanifeste"	"Le 3è manifeste"	"forme alternative"
"troisiememanifeste"	"Le manifeste"	"forme alternative"
"troisiememanifeste"	"Le Troisième Manifeste"	"forme préférée"
"troisiememanifeste"	"Manifeste iii"	"forme alternative"
"troisiememanifeste"	"Troisième manifeste"	"forme alternative"
"troisiememanifeste"	"Troisième manifeste"	"forme alternative"
"troistristestigres"	"Trois tristes tigres"	"forme préférée"
"trompeloil"	" trompe-l’œil "	"forme alternative"
"trompeloil"	"Trompe l’œil"	"forme alternative"
"trompeloil"	"Trompe-l’œil "	"forme préférée"
"trousselivres"	"Trousse-livres"	"forme préférée"
"trousselivres"	"Trousse-livres"	"forme alternative"
"tuiles"	"Tuiles"	"forme préférée"
"ubucocu"	"Ubu cocu"	"forme préférée"
"ubuetlamerdre"	"Ubu et la merdre"	"forme préférée"
"uburoi"	"Ubu"	"forme alternative"
"uburoi"	"Ubu roi"	"forme préférée"
"uburoi"	"Ubu-roi"	"forme alternative"
"ulceration"	"Ulcération"	"forme alternative"
"ulceration"	"Ulcérations"	"forme préférée"
"ulcerations"	"Ulcerations"	"forme alternative"
"ulcerations"	"Ulcérations"	"forme alternative"
"ultracrapidam"	"Ultra crapidam"	"forme alternative"
"ultracrapidam"	"Ultra crepidam"	"forme préférée"
"ulysse"	"Ulysse"	"forme préférée"
"unabsentdemarque"	"Un absent de marque"	"forme préférée"
"unconteavotrefacon"	"Conte à votre façon"	"forme alternative"
"unconteavotrefacon"	"Conte à votre façon"	"forme alternative"
"unconteavotrefacon"	"Le conte à votre façon"	"forme alternative"
"unconteavotrefacon"	"Un conte à votre façon"	"forme préférée"
"uncontretous"	"Un contre tous"	"forme préférée"
"uncoupdedes"	"Le Coup de dés"	"forme alternative"
"uncoupdedes"	"Un coup de dés"	"forme préférée"
"uncoupdedes"	"Un coup de dés"	"forme alternative"
"uneautreparole"	" une autre parole "	"forme alternative"
"uneautreparole"	"Une autre parole"	"forme préférée"
"uneculturedelunique"	"Une culture de l'unique"	"forme préférée"
"unecurieuseexposition"	"Une curieuse exposition"	"forme préférée"
"unetedanslacombe"	"Un eté dans la combe"	"forme alternative"
"unetedanslacombe"	"Un été dans la combe"	"forme préférée"
"unfablier"	"Un fablier"	"forme préférée"
"unhommedelettres"	"Un homme de lettres"	"forme préférée"
"unhommequidort"	"Un homme qui dort"	"forme préférée"
"univers"	"Univers"	"forme préférée"
"universalia"	"Universalia"	"forme préférée"
"unpapillonrarissime"	"Un papillon rarissime"	"forme préférée"
"vacheauprenoir"	"La Vache au pré noir"	"forme préférée"
"vacheauprenoir"	"Vache au pre noir"	"forme alternative"
"valentinbru"	"N° valentin brû"	"forme alternative"
"valentinbru"	"Valentin bru"	"forme alternative"
"valentinbru"	"Valentin Brû"	"forme préférée"
"valentinbru"	"Vb"	"forme alternative"
"valentinbru"	"Vb"	"forme alternative"
"vallon"	"Le Vallon"	"forme préférée"
"vallon"	"Vallon"	"forme alternative"
"variations"	"Variations"	"forme préférée"
"variosefectosdelamor"	"Varios efectos del amor"	"forme préférée"
"varvachequirit"	"La Vache qui rit"	"forme préférée"
"varvachequirit"	"Var + vache qui rit"	"forme alternative"
"vasebrise"	"Le Vase brisé"	"forme préférée"
"vasebrise"	"Vase brisé"	"forme alternative"
"ventredeparis"	"Le Ventre de Paris"	"forme préférée"
"ventredeparis"	"Ventre de Paris"	"forme alternative"
"venudailleurs"	"Venu d’ailleurs"	"forme préférée"
"vermicellesoulesantepositionshasardeuses"	"Vermicelles ou les antepositions hasardeuses"	"forme alternative"
"vermicellesoulesantepositionshasardeuses"	"Vermicelles ou les antépositions hasardeuses"	"forme préférée"
"verslatypopo"	"Vers la typopo"	"forme préférée"
"viedelycurgue"	"Vie de Lycurgue"	"forme préférée"
"viederroussel"	"Vie de R. Roussel"	"forme préférée"
"viedessaintes"	"Vie des saintes"	"forme préférée"
"viemodedemploi"	"Vie mode d’emploi"	"forme alternative"
"villeseternellesinvisibles"	"Villes éternelles invisibles"	"forme préférée"
"virtualitesartificielles"	"Virtualités artificielles"	"forme préférée"
"voldicare"	"Vol d’Icare"	"forme préférée"
"volumebraffort"	"Bibliothèque oulipienne (vol. 9, Braffort)"	"forme préférée"
"volumebraffort"	"Volume braffort"	"forme alternative"
"volumeii"	"Volume ii"	"forme alternative"
"volumequeneau"	"Bibliothèque oulipienne (vol. 4, Queneau)"	"forme préférée"
"volumequeneau"	"Bibliothèque oulipienne spécial Queneau"	"forme alternative"
"volumequeneau"	"Spécial queneau"	"forme alternative"
"volumequeneau"	"Volume queneau"	"forme alternative"
"volumevi"	"Contemporary Authors, Autobiography Series, vol. 6"	"forme préférée"
"volumevi"	"Volume vi"	"forme alternative"
"voux"	"Vœux"	"forme préférée"
"voux"	"Vœux"	"forme alternative"
"voyage"	"Le Voyage de Cook"	"forme préférée"
"voyage"	"Voyage"	"forme alternative"
"voyagesdegulliver"	"Les Voyages de Gulliver"	"forme préférée"
"voyagesdegulliver"	"Voyages de Gulliver"	"forme alternative"
"voyelles"	"Voyelles"	"forme préférée"
"vuelta"	"Vuelta"	"forme préférée"
"w_"	"Souvenir"	"forme alternative"
"w_"	"Souvenirs d’enfance"	"forme alternative"
"w_"	"W"	"forme alternative"
"w_"	"W ou le souvenir d’enfance"	"forme préférée"
"whataman"	"What a man"	"forme préférée"
"winterdialogue"	"Winter dialogue"	"forme préférée"
"wordrecreations"	"Word recreations"	"forme préférée"
"wordways"	"Word Ways"	"forme préférée"
"wordways"	"Word ways"	"forme alternative"
"wordways"	"Words"	"forme alternative"
"wordways"	"World ways"	"forme alternative"
"works"	"Works"	"forme préférée"
"worldways"	"World ways"	"forme alternative"
"worldways"	"Worldways"	"forme alternative"
"y_"	"Y"	"forme alternative"
"y_"	"Y et K: essai sur la peinture au risque de la lettre"	"forme préférée"
"yiking"	"Yi king"	"forme préférée"
"zazie"	"Zazie"	"forme alternative"
"zazie"	"Zazie dans le métro"	"forme préférée"
"zerofaute"	"Zéro faute"	"forme préférée"
"zinga"	"Zinga"	"forme alternative"
"zinga"	"Zinga 8"	"forme préférée"
"zoomemonosyllabique"	"Zoo"	"forme préférée"
"zoomemonosyllabique"	"Zoo me monosyllabique"	"forme alternative"
